beta,tau,cc_mean,cc_std,jsd_mean,jsd_std,sim_mean,sim_std,mean_shrinks,mean_final_beta,pct_activated,n_samples
0.3,disabled,0.82651484,0.07323912,0.28106204,0.037135106,0.7114173031430967,0.04098469247829743,0.0,0.29999999999999993,0.0,160
0.3,0.0,0.82651484,0.07323912,0.28106204,0.037135106,0.7114173031430967,0.04098469247829743,0.0,0.29999999999999993,0.0,160
0.3,0.5,0.82651484,0.07323912,0.28106204,0.037135106,0.7114173031430967,0.04098469247829743,0.0,0.29999999999999993,0.0,160
0.3,0.7,0.82651484,0.07323912,0.28106204,0.037135106,0.7114173031430967,0.04098469247829743,0.0,0.29999999999999993,0.0,160
0.3,0.83,0.82651484,0.07323912,0.28106204,0.037135106,0.7114173031430967,0.04098469247829743,0.0,0.29999999999999993,0.0,160
0.3,0.9,0.82651484,0.07323912,0.28106204,0.037135106,0.7114173031430967,0.04098469247829743,0.0,0.29999999999999993,0.0,160
0.3,0.95,0.8271389,0.07221435,0.28086394,0.037069533,0.7117005160098323,0.040887880621399364,0.08125,0.29765624999999996,5.0,160
0.5,disabled,0.79673153,0.08232611,0.29232422,0.040494718,0.6988033589733091,0.04481240101255347,0.0,0.5,0.0,160
0.5,0.0,0.79673153,0.08232611,0.29232422,0.040494718,0.6988033589733091,0.04481240101255347,0.0,0.5,0.0,160
0.5,0.5,0.79673153,0.08232611,0.29232422,0.040494718,0.6988033589733091,0.04481240101255347,0.0,0.5,0.0,160
0.5,0.7,0.79673153,0.08232611,0.29232422,0.040494718,0.6988033589733091,0.04481240101255347,0.0,0.5,0.0,160
0.5,0.83,0.79673153,0.08232611,0.29232422,0.040494718,0.6988033589733091,0.04481240101255347,0.0,0.5,0.0,160
0.5,0.9,0.7986597,0.079318516,0.29172823,0.04023463,0.6996378816607527,0.044327927817701965,0.14375,0.493209375,8.125,160
0.5,0.95,0.8124399,0.06960497,0.28678414,0.037837442,0.706066646306013,0.041138919019392164,1.55,0.4327354609375,53.75,160
0.8,disabled,0.74272037,0.09642247,0.31116384,0.0441645,0.6740070387082036,0.05008869594869731,0.0,0.7999999999999999,0.0,160
0.8,0.0,0.74272037,0.09642247,0.31116384,0.0441645,0.6740070387082036,0.05008869594869731,0.0,0.7999999999999999,0.0,160
0.8,0.5,0.74272037,0.09642247,0.31116384,0.0441645,0.6740070387082036,0.05008869594869731,0.0,0.7999999999999999,0.0,160
0.8,0.7,0.74272037,0.09642247,0.31116384,0.0441645,0.6740070387082036,0.05008869594869731,0.0,0.7999999999999999,0.0,160
0.8,0.83,0.7495439,0.08781874,0.30923113,0.043136813,0.6767739168591175,0.04822609786406343,0.33125,0.7748105,20.625,160
0.8,0.9,0.77437496,0.07246062,0.30153108,0.0398701,0.6874655028797172,0.04328619041182362,1.84375,0.6736589525,58.12500000000001,160
0.8,0.95,0.8074535,0.06796306,0.28923503,0.03773262,0.7033032638721117,0.04127772860044299,5.15,0.4852039052011051,94.375,160
1.0,disabled,0.7054202,0.1046323,0.3227284,0.04590139,0.6575752830277064,0.052862691514288795,0.0,1.0,0.0,160
1.0,0.0,0.7054202,0.1046323,0.3227284,0.04590139,0.6575752830277064,0.052862691514288795,0.0,1.0,0.0,160
1.0,0.5,0.7054202,0.1046323,0.3227284,0.04590139,0.6575752830277064,0.052862691514288795,0.0,1.0,0.0,160
1.0,0.7,0.7057828,0.104161,0.32262683,0.04582234,0.6577246485762307,0.05271101785402256,0.0125,0.99875,1.25,160
1.0,0.83,0.73054147,0.08163416,0.3157738,0.04232784,0.6676841969730357,0.04674557868577621,1.10625,0.9015645750000001,40.0,160
1.0,0.9,0.7688209,0.06958087,0.3038368,0.03940652,0.6842554340131685,0.04282683541784492,3.45,0.7207899706562502,84.375,160
1.0,0.95,0.8073929,0.06760268,0.28931338,0.037604414,0.7031986037660223,0.041153721826587324,7.25,0.4881320601263665,98.75,160
1.5,disabled,0.61922276,0.11906313,0.34677935,0.048841167,0.6218534645755174,0.05800482451987809,0.0,1.5,0.0,160
1.5,0.0,0.61922276,0.11906313,0.34677935,0.048841167,0.6218534645755174,0.05800482451987809,0.0,1.5,0.0,160
1.5,0.5,0.61922276,0.11906313,0.34677935,0.048841167,0.6218534645755174,0.05800482451987809,0.0,1.5,0.0,160
1.5,0.7,0.6427597,0.096030615,0.34079665,0.04577406,0.630787740376688,0.05240691760665314,0.8125,1.38831834375,36.25,160
1.5,0.83,0.7119425,0.07010491,0.3219618,0.041041024,0.6585091497758168,0.044978078014416126,3.8125,1.0425429879946875,88.75,160
1.5,0.9,0.766513,0.06844544,0.3047373,0.039178133,0.6829990882397263,0.0425198280785543,7.1125,0.7417973464689424,98.75,160
1.5,0.95,0.80703676,0.06777002,0.28943938,0.037568685,0.7030430718983279,0.04107560454610466,11.05625,0.4896344680227675,100.0,160
2.0,disabled,0.54837286,0.12650746,0.3650747,0.050702028,0.5941870869434374,0.061504997370626945,0.0,2.0,0.0,160
2.0,0.0,0.54837286,0.12650746,0.3650747,0.050702028,0.5941870869434374,0.061504997370626945,0.0,2.0,0.0,160
2.0,0.5,0.55143833,0.12209368,0.36433476,0.050405953,0.5953062664885307,0.06093867262779735,0.09375,1.9817500000000003,6.875000000000001,160
2.0,0.7,0.6139577,0.07797439,0.34850827,0.04352217,0.6191074710754338,0.0491586307163051,2.28125,1.6190459438750004,60.0,160
2.0,0.83,0.7099282,0.068775326,0.32260326,0.040553797,0.6575582565621115,0.044250038821035766,6.41875,1.0647877149393001,98.125,160
2.0,0.9,0.76681316,0.06799759,0.3046313,0.038917594,0.6830740823875148,0.042245791094795905,9.8625,0.7415772203043649,100.0,160
2.0,0.95,0.8073945,0.06728919,0.28933197,0.037592147,0.703134151154114,0.041019284116674104,13.825,0.4883286411037105,100.0,160
