content,level,cc_gt_sctas,jsd_gt_sctas,cc_gt_alone,jsd_gt_alone,cc_cb_sctas,jsd_cb_sctas,cc_cb_alone,jsd_cb_alone,cc_blur_sctas,jsd_blur_sctas,cc_blur_alone,jsd_blur_alone,cc_uni_sctas,jsd_uni_sctas,cc_uni_alone,jsd_uni_alone
arab_mountain,18,0.8858150267790992,0.27940816221864956,0.8997295833219991,0.30575239585341885,0.5316272156284524,0.31263217996833415,0.5663534834813634,0.29393960071784836,0.8912590354887202,0.2513022430142506,0.9075292300602804,0.24992463149850908,0.0035111243383464863,0.3739019845325743,0.0,0.37387984183055833
arab_mountain,38,0.9189127312516587,0.2401168634776953,0.9254877591120347,0.2869028351606967,0.4731106761052506,0.3106935350363451,0.47886424977283853,0.3025462369114953,0.8982267006698078,0.23261917012192093,0.9034290245077654,0.25730476962613696,0.03586035566328333,0.3567248503610014,0.0,0.35671410150650296
arab_mountain,47,0.860985231803501,0.2281319200723023,0.875023771183557,0.2528965940839589,0.5297025342227383,0.2909493844934806,0.5474617004089092,0.28207141198162095,0.8606967538491241,0.21480917968041235,0.8751745567855121,0.2129580549142943,0.00811592119514502,0.3442533770974054,0.0,0.3442396874302642
arab_mountain,64,0.8894762274343232,0.24019056147644793,0.8997896175304108,0.2803508309288502,0.4379933589017041,0.31223062794714734,0.4397744938419268,0.30750503132958024,0.8751362803298162,0.22556044468433697,0.8872946715779252,0.2360829261891553,0.040195819689574405,0.3538035431183091,0.0,0.35379834318468856
bear_fish,19,0.8354510236372769,0.3163812268637299,0.8356129881746168,0.35769054606390766,0.5332152014763036,0.2837570207726361,0.5882051421256645,0.2682708069405758,0.8422369281847464,0.289993083594537,0.8478415103545237,0.3129784681735462,0.17850629016657574,0.3460513201472732,0.0,0.34619037644548933
bear_fish,25,0.8845553513591367,0.26506889175099196,0.890236222469718,0.3029737422248116,0.47262807822332636,0.31013354382156977,0.5175865854844107,0.30051589923335753,0.8830964142441373,0.24070267653841246,0.8927059656076228,0.2585420090585729,0.1625166493033111,0.3609030748061406,0.0,0.36102776197369646
bear_fish,32,0.9264731300185363,0.2665527489471531,0.9234227598754688,0.32455201586292254,0.5601761427183529,0.2825711058839183,0.6056007024685341,0.2756964008188717,0.9398335572140458,0.2237920870906475,0.9418274649368662,0.2605322646621895,0.2063405572016737,0.36047535610861514,0.0,0.36064703604797177
bear_fish,64,0.83020430346617,0.2951785360417715,0.8222265885666228,0.33695744851746384,0.5466905691247963,0.2855199511901734,0.5766870971906791,0.2750412245714025,0.8492520618689599,0.2643039647446913,0.8431866767372812,0.28818639574798544,0.22274798181187108,0.3410748793163681,0.0,0.34122020041692536
bird_bushes,18,0.8797606062895361,0.2634910177757481,0.8931708370281238,0.3076459286211488,0.5195985486230665,0.3025192603522812,0.6651357615439781,0.2727715294257293,0.8703515197081721,0.24199614741022715,0.9031640850392719,0.24574766749935048,0.0031281367424677298,0.36818418577534545,0.0,0.36821265468176934
bird_bushes,21,0.8975192053184745,0.2502246630908892,0.924268725400141,0.2389551350260646,0.4503837080718374,0.3402148211819134,0.5942742364763636,0.31185058402028454,0.8631569830237995,0.25255028981928396,0.9122816002526807,0.21847037680647333,-0.03164184405746327,0.39516561957612717,0.0,0.39517559571339494
bird_bushes,42,0.8909376320460874,0.23118367552442537,0.9024995979015776,0.25889290007030774,0.5333903227397163,0.309287132148278,0.6755334261739211,0.2776377938582341,0.88874411887438,0.21550994667084675,0.91884221348334,0.20180434369082756,0.0183352451792181,0.38250246912965014,0.0,0.38253746821687873
bird_bushes,64,0.8271603812108179,0.2722543860872639,0.8435494891272834,0.289537294956407,0.5836769044207136,0.2873567893545024,0.7229095663368917,0.2547963262491022,0.8330137802351253,0.25005676348613465,0.8695699094107593,0.23540725139717064,0.05245042004983312,0.37127031224964785,0.0,0.37132978915442577
cat_fence,10,0.8243523003130031,0.3213308469352202,0.8368902871385226,0.331643392434734,0.48277707219699806,0.3903635364177377,0.5664317655481077,0.3800034516195294,0.8279334807247423,0.31025356515613584,0.8554490153522398,0.30360101047070936,0.11826090750281462,0.47239367315198844,0.0,0.4725341198453456
cat_fence,11,0.8632576618422079,0.27201124996803283,0.8846986151403486,0.27934697618230936,0.5005055378790839,0.35587014193352534,0.5923306603347455,0.34135986779416144,0.8646380113761554,0.2550299856724171,0.9027147305220484,0.2383209811553597,0.1143060848030876,0.43287732076718943,0.0,0.4330038717600124
cat_fence,72,0.8812106385825772,0.2614187870248873,0.887836323511864,0.33400554021657924,0.5372893872154949,0.27840610070510186,0.6031414791143959,0.26128702865277403,0.8872629770964376,0.2431941025180302,0.9017206259057378,0.2961841183050086,0.15310521498667723,0.36414809628364986,0.0,0.36426936415642
cat_fence,87,0.9261723613588351,0.22654975395983223,0.9331762621211832,0.302425559579684,0.4694385139116043,0.29833095025629097,0.5236377609757323,0.2852617206574527,0.9257095134800253,0.21058671927730757,0.9417657805897499,0.2581451738586995,0.13493221119497548,0.3600791636728306,0.0,0.36017951336733955
climber_mountains,10,0.7367228808838888,0.3023885667789102,0.8004460971537087,0.2796843785692388,0.5497666373739138,0.29369902485508786,0.5806225632529977,0.27775955949307324,0.7283035564618792,0.283953401532456,0.8052929525309291,0.2488166540913635,0.21839127789398902,0.3730483559101433,0.0,0.37322297097948415
climber_mountains,11,0.7379049696430873,0.2983907049978928,0.8102602045954407,0.26866690483739186,0.5392454922455595,0.30575791763989085,0.5890290469966788,0.2872893619210811,0.735730395554313,0.2852399210506384,0.8235567393550378,0.24715865125363132,0.2013448257844672,0.3888904913354751,0.0,0.38905199808263946
climber_mountains,26,0.758713909811192,0.2833810448697251,0.8120153954648204,0.26830598547619977,0.49999916504896336,0.29774708470818984,0.5372758350429541,0.27304858058052317,0.7694755859625537,0.25815658681215475,0.8416343026195836,0.22701038893038894,0.20840885990457117,0.365483240269516,0.0,0.36560659197146
climber_mountains,34,0.810252242992354,0.26538057711423635,0.8445159459146142,0.27727288008215145,0.5317252510058287,0.2790688482052562,0.553029436090556,0.2651195142249073,0.8355828778874833,0.22828224693134305,0.8775608235078075,0.21867165063833144,0.24420353663432925,0.3423970428431178,0.0,0.3425769106377811
climber_sunglasses,11,0.7283083562730301,0.28750797866359745,0.7446216458502473,0.30604869440007443,0.45578429771361767,0.323203025151008,0.5219224274104712,0.29981413143412017,0.6991142043509869,0.2865624858785638,0.7226537135062938,0.2854817392503864,0.03933028116069885,0.3966219362382519,0.0,0.39664743576017125
climber_sunglasses,21,0.8749389923160015,0.21187668808782792,0.8896691448006878,0.24749984524969296,0.38499936206928226,0.3026939507902032,0.431738346912838,0.29080377584548084,0.8511645483182757,0.21003737701354594,0.874086834055908,0.21832287810681655,0.03598104290056408,0.3568306354239172,0.0,0.3568589265486973
climber_sunglasses,35,0.774191586660878,0.2872174407845707,0.798529893933767,0.3238044978578074,0.3722497638741537,0.30762424238939506,0.4216904091183787,0.2949220445335792,0.7651279663516029,0.2716535857395953,0.7987212434665609,0.28337119193034427,0.023375080589835437,0.3609891684123132,0.0,0.3610102744876031
climber_sunglasses,47,0.8722489230467035,0.2479062942006661,0.8709133553817869,0.321635346301403,0.47669524515634154,0.28495942392500917,0.5251913405721623,0.26743960921212223,0.8954157137363136,0.22481013434756444,0.8981303996380858,0.2677680508589571,0.06942413441419644,0.3573943755687201,0.0,0.3574347417704843
cycler_hill,11,0.8173215120118638,0.2511798438048617,0.8605369634669452,0.22208771793371165,0.5982989867343806,0.30475123270550325,0.6367737122829666,0.2789297596883337,0.8292078668740727,0.23963970532235776,0.8838965287751055,0.18998931005242978,-0.0372123308711175,0.37754847095146354,0.0,0.3774945254635402
cycler_hill,24,0.7275702674077064,0.28207164038261573,0.7567178480434504,0.3026238262637201,0.6230489594357111,0.25294014588468255,0.6427302381243732,0.23258830770980418,0.7377095273910603,0.25982037257700613,0.7761752515675577,0.2592482981996598,-0.005421499177687875,0.3268242381675154,0.0,0.3267955776164614
cycler_hill,60,0.808023347574477,0.280579254628459,0.8469901081033534,0.31965746336251083,0.5364555142104375,0.24321384548227554,0.5728686266309236,0.2242341075588622,0.8045989460421865,0.261957325452271,0.8541132849678106,0.2801209208194374,-0.029071164680485692,0.2945566129209447,0.0,0.2945123286546489
cycler_hill,71,0.8212496363700409,0.24985629639407442,0.8450441517446408,0.2827172011538447,0.5776902432989419,0.24040028532424107,0.5717750750579373,0.23004545888650818,0.804001773179382,0.2316248362596869,0.8348695170486425,0.23953808250131314,0.026290611036540207,0.3150500209384595,0.0,0.31505747249567506
cycler_ice,14,0.5977811670997512,0.31470140700683086,0.6650243679737402,0.3112273994982267,0.41763107412542066,0.28340653420069195,0.5074503193022442,0.264184880427637,0.5922204662111925,0.293890793563362,0.6887855762767346,0.27802581589835934,0.16102366831366036,0.3212187783798901,0.0,0.3214071946475208
cycler_ice,15,0.7137505075765385,0.2825764374828104,0.7702338289996322,0.28939693611167244,0.4348649601225969,0.26036585789939043,0.4800314287155978,0.24756212441222744,0.695549853514703,0.2519975565792034,0.7761165270812198,0.2414880587579691,0.22059045487903428,0.2969643121458338,0.0,0.29720549216849446
cycler_ice,30,0.49760605875870234,0.33846286803315684,0.5349363736802466,0.3510098248015981,0.3753488369934365,0.258863622527984,0.4175145733735925,0.24555638163495286,0.478767344838915,0.3136867223195396,0.5258833206949594,0.31450880709138024,0.18591683216300503,0.2693546773078963,0.0,0.2695652678494354
cycler_ice,40,0.6227981314353738,0.2662643951499648,0.6702340837132629,0.2718344423133233,0.4773069339290614,0.21985857295766636,0.5096177581929926,0.20582673590866266,0.60847665262382,0.24493164674026502,0.6669518890890235,0.24017704284433353,0.2589014267466002,0.24216441839828926,0.0,0.24242728094308566
dog,29,0.6926879685827492,0.2694825824189006,0.7244507856822663,0.3042653083523355,0.40443054382443233,0.27067508226969733,0.5671854695171493,0.23403652168174072,0.7253197030437966,0.24295863793071926,0.7648138037165231,0.2553778200001287,-0.10699933847041901,0.2976591586483066,0.0,0.29758263101128035
dog,33,0.8461742921789769,0.26045609831569033,0.8744818359961319,0.30644999200776646,0.3334457401857918,0.2840232085634891,0.46965444444212,0.25767621917571765,0.8471279941955975,0.23089782254148616,0.8822465868282312,0.2535380034701804,-0.0926210769780664,0.30578643680080037,0.0,0.3057282479672619
dog,67,0.7976383428628904,0.24461581065543175,0.8080724363081052,0.33160564518558794,0.34017320252196986,0.2874872808567928,0.4568504960534597,0.2669005870179732,0.8014607300462061,0.22280185578812442,0.8147515897261897,0.29045670737405915,-0.06066533980428613,0.3147588033150351,0.0,0.3147388579641896
dog,90,0.8559446534989739,0.218033867235173,0.8802193491745108,0.25460090482755976,0.2842274826238168,0.2791496840261131,0.40897467429345447,0.25565468252909723,0.8332195688443629,0.20735776097102587,0.863561155727328,0.22412695461365265,-0.11177746944432349,0.29336855171361276,0.0,0.2933117067612749
dog_walker,22,0.8757789748699896,0.23490680893060142,0.8854818576315147,0.2465766947871853,0.4315356346871665,0.3448080114312154,0.49755153384506723,0.3284939972312773,0.8541287359211748,0.2370483383238212,0.8703383206308647,0.22412421265803242,0.058271233258378394,0.3997818645295008,0.0,0.39981733909254946
dog_walker,27,0.7683815505565099,0.27491113240449316,0.7760944350562168,0.30523613479202405,0.4816598008732128,0.30611934756355863,0.5340523738826699,0.2893229217135324,0.7714335909441125,0.2630491968116304,0.7843474423728819,0.2741321221379608,0.11173222022189472,0.36334150136560905,0.0,0.3633947340297421
dog_walker,77,0.7529292870677047,0.2580579101687592,0.7512157606270249,0.3241068616217593,0.5721352475636141,0.24472100426366256,0.6327408994791781,0.2276241920538797,0.7403141235786379,0.24435377558956167,0.7405729287209853,0.2889293150738758,0.13103862109348996,0.30270815227861364,0.0,0.30276464193912545
dog_walker,87,0.9028723278180903,0.2179449052352412,0.9074560554729628,0.23875021545723077,0.47756937768261815,0.3105208006251254,0.5228448251087765,0.29803297125631056,0.9191539965377121,0.20616176603918948,0.9312716981579134,0.20139116637219456,0.12022320466011108,0.3689001646915633,0.0,0.36895945214251324
fence_guard,11,0.8353336587326452,0.2474019263250064,0.8806478453454314,0.2550907779464077,0.5701387100146303,0.29342361343927237,0.642199943584141,0.27631160799258003,0.8230596278045653,0.2280812895410829,0.8831163409496912,0.21226432150986788,0.04348412729157413,0.37325307632168686,0.0,0.37330321557308127
fence_guard,15,0.8164692603671366,0.3013307459950035,0.8505263960611419,0.336777616049507,0.5382930379808404,0.2669112310391288,0.6167919134081554,0.24234588741361413,0.8001614424605157,0.27493970494579556,0.8442338441333513,0.28923564856733885,0.015302663666251978,0.3298510997618891,0.0,0.3298522368808815
fence_guard,24,0.7773547929898904,0.2820188046297216,0.8268091419378263,0.27615045049884407,0.5432734379732986,0.29211421690708417,0.610825860311523,0.27576640032047084,0.747553880202891,0.2728470583452391,0.8092980363787596,0.2534473487395367,0.03151190974522758,0.36996927160831655,0.0,0.3700077197595152
fence_guard,50,0.8364871783620601,0.2738440690185742,0.8626026287865542,0.31579797286680045,0.604595632986511,0.2643003310271244,0.6702708217628619,0.25061897517729065,0.8491591325138839,0.2368662506240445,0.887522275855225,0.2528083328957112,0.0459084654041377,0.3358136812394573,0.0,0.3358575291409169
girl_boat,13,0.8667364244866568,0.33160698435206215,0.8853350388566402,0.32214042067388177,0.5598742652807777,0.4307398785911976,0.6025437172273245,0.4269683833697992,0.8560905493945951,0.3231489690609481,0.889507332846314,0.29641101894619204,0.25884277789891424,0.5306842888927726,0.0,0.5308979797350062
girl_boat,31,0.9228921266269656,0.2620239966400361,0.9320908710884929,0.26177483888848174,0.5715101964430427,0.3827045499963274,0.5895617572602845,0.37869965005968576,0.9185157040005753,0.2523968760855616,0.9405032590649269,0.22485540264440143,0.2931898729917276,0.48121731963441805,0.0,0.4814262090642114
girl_boat,66,0.9232627824019033,0.2445049772625708,0.9376579776863776,0.2741018862180607,0.5388518256737402,0.33413423002455267,0.5372138827113417,0.33491515979346176,0.8748815306708351,0.24380917859862203,0.8975987586489903,0.2533005394751047,0.30359610294925254,0.41848148584215034,0.0,0.4187030832050999
girl_boat,86,0.8855396202199971,0.24766738482721712,0.8962425792843832,0.28191477361434014,0.5499609020812976,0.32346200124989616,0.5557692540683495,0.32568889248269556,0.8382592830166231,0.24626913220938307,0.8529975621331565,0.26225576581451193,0.29836796279526906,0.4099915454494082,0.0,0.41022234759930987
girl_car,12,0.6795768987143019,0.3189986584801741,0.7510404687328056,0.2972882992216688,0.5736606629082941,0.27136870034011884,0.5924156439101483,0.2601287014916485,0.6693422168744639,0.2949747762804361,0.7556367530933726,0.2630277383540942,0.2553471829579776,0.3674162472759552,0.0,0.36766729114362023
girl_car,22,0.7541797607441425,0.2856218530350064,0.7699190882503585,0.2869930656067376,0.6498572243316186,0.25821994694374467,0.6851241666736287,0.2509696887041653,0.7614603977181814,0.2582126493786667,0.7937152859815284,0.24248609601540116,0.28341084630427266,0.36010011073679576,0.0,0.36036642636452454
girl_car,27,0.6674855429582738,0.3247449332720755,0.6999557357520007,0.323650901941872,0.6310780235766865,0.2587636719467809,0.6707812897221168,0.25027677558919964,0.6791987031893632,0.2952594676424891,0.7306956619603566,0.27983892240275193,0.26719900115131223,0.35455587879083894,0.0,0.354805299082022
girl_car,63,0.7519654920856119,0.23773682759340908,0.7818497059912555,0.23530960955629449,0.5875586227199181,0.22402283099040848,0.5425533510984237,0.22813689338337081,0.7536138737896342,0.21632181769771291,0.8100596085207455,0.19955507122445706,0.36212077464644155,0.30142729386053085,0.0,0.30176943193066924
goalkeeper_boy,10,0.8881410178929476,0.2928248077940912,0.8977212705999643,0.31736000754365523,0.48443481152957907,0.3213292817382197,0.5024949921326503,0.31324616046927434,0.8466735839795143,0.2868769858620033,0.8621405435213555,0.29150661389802957,0.18380146956164983,0.3985242991791174,0.0,0.398666428873615
goalkeeper_boy,16,0.8511407401219271,0.31685862228581496,0.8654954386846655,0.34041883127143124,0.47273117563258393,0.3165091121713691,0.47448258802259236,0.3120384240316935,0.8362987434630689,0.29408543871745124,0.8598810129512281,0.29542513922758523,0.19900138384956426,0.373610222210346,0.0,0.3737440320968463
goalkeeper_boy,20,0.8793946532332193,0.2844090003727372,0.8955772945870035,0.30089594784852614,0.4944095137923816,0.3098807039636267,0.4860508022910711,0.30824587742401516,0.8677326278246584,0.2688721766183078,0.8947157801810548,0.26346274259529534,0.21804222767782042,0.38055630998922246,0.0,0.3807068125805141
goalkeeper_boy,62,0.8530324857833285,0.26389400551440606,0.8602309158193682,0.30138409484891615,0.4796849985953211,0.2985767871916263,0.4539632246126616,0.30520774739440093,0.8242917362542549,0.25810409809344503,0.8359743729731302,0.27640690149239916,0.24086138398934853,0.36350242861168686,0.0,0.3636830410574454
head_statue,14,0.6962783299124651,0.3345297955857808,0.7678570080812257,0.30746628397403397,0.46926633890085406,0.31674468563222796,0.6122063793891382,0.28016781007764674,0.6837657099416199,0.3174717611233931,0.775029305680401,0.2772616171791338,-0.010157996878109931,0.36562568931260664,0.0,0.36558492565018164
head_statue,22,0.7600962624580383,0.3361010455799993,0.817074653863404,0.32553737924360043,0.5304475468704043,0.2786568188603709,0.6587138670027212,0.24462779093706366,0.7373615510797014,0.31733831857765216,0.8111739704485011,0.29225768895167065,0.021785951797113394,0.3424495807716629,0.0,0.34246482830375274
head_statue,32,0.8016732671298553,0.35646804394235276,0.8292598147190452,0.37977407058983986,0.48530462408676744,0.28309299540419813,0.6099700629760093,0.25422288626668604,0.8004547712120113,0.3344303470050572,0.8395117022990026,0.3412850205164731,0.029376449438260923,0.3316032733482886,0.0,0.33162970001781383
head_statue,85,0.7587120177878814,0.318265283750258,0.7712314110306023,0.35523500997675916,0.578838739827595,0.22529714848120957,0.6600276322905305,0.20725498737058362,0.7507391501204288,0.2942674285373173,0.7732557587274727,0.3140452881580922,0.12324076207735253,0.2910818966203807,0.0,0.2912026340939898
hunter_boy,10,0.8706200328925026,0.3084580128291997,0.8837764542848291,0.30479876475197176,0.5164978912689119,0.3663616543680152,0.60025927137272,0.33188569803396273,0.8615866762301136,0.3008484800579766,0.8766145261318704,0.2810403011147947,-0.0023880792681470614,0.44686594024124626,0.0,0.44684207968392214
hunter_boy,16,0.837180856600994,0.3141113629326305,0.8386679936712228,0.3346448183333137,0.4263357919337759,0.4192338395136599,0.4731214162383372,0.39336124995843075,0.8530466406729492,0.2844066293627676,0.8542832417915914,0.27769177909164944,0.011987283314563599,0.47862569353434925,0.0,0.4786017432942018
hunter_boy,21,0.8974206248293152,0.3217686208914555,0.9092899282260545,0.32625277381459816,0.3984351176193235,0.41552147619965396,0.4610013219104152,0.3842076288303743,0.8869885016880015,0.307742620736658,0.9014189785264325,0.28984685648171027,-0.03112484917203548,0.46433963633623915,0.0,0.46427029609669535
hunter_boy,44,0.8891589250997134,0.2998004796383822,0.8933910392345822,0.305194725970772,0.42423589839111586,0.3701017798952349,0.47902819662631796,0.3403926959000074,0.8645605275886323,0.2915562495891954,0.8671770874603986,0.2785547587655407,-0.013047217118977883,0.43321720580455214,0.0,0.4331818450935785
kid_bucket,10,0.8825401878625752,0.3064605869905031,0.9117954703973644,0.29245929927353714,0.45202352874862495,0.37073298605888416,0.4459321285036986,0.3631468455543055,0.8461207223746464,0.3049467645208801,0.8858904865588552,0.27873346918061254,0.1254975639469737,0.439523781443208,0.0,0.43961188390824996
kid_bucket,22,0.9102347340588427,0.29489685642866204,0.9254488239569446,0.3008557761843656,0.45326540567855517,0.3631941226074389,0.4034280899861596,0.36248839305679287,0.8991715219494635,0.26913035895330817,0.9271457785218733,0.2491434268161952,0.2001257186325716,0.43045835633452156,0.0,0.43060649543797325
kid_bucket,30,0.9068382015306136,0.28992993740197404,0.922203523273067,0.3227853257646557,0.4763899188179119,0.30088307675674775,0.4023678284324715,0.30829562028166174,0.878275229759805,0.2663593707654957,0.900227917904497,0.28016771119414746,0.24212633369136438,0.3642789711060129,0.0,0.36447456153808067
kid_bucket,32,0.925458331963625,0.2504858685978985,0.9387677245037908,0.25997243229324757,0.4848026296830734,0.35059099698390184,0.42960646089465926,0.35289763874737756,0.916666789264258,0.2343807032985088,0.941392477657047,0.21850497005130304,0.21320163242645127,0.41969689829844625,0.0,0.4198511469378139
kid_rubble,14,0.768947707070074,0.30051099951822974,0.8249537711933984,0.2951618182878003,0.46396649337939305,0.316178285596353,0.5298706994354805,0.2997697687472693,0.7433945952163196,0.27739670169133324,0.8270646035237766,0.24899156187976895,0.0005729125531632531,0.3706040790268652,0.0,0.3706054292149898
kid_rubble,19,0.7676566216189995,0.31469786236801656,0.8032501111547883,0.341275977840013,0.5582900990038685,0.25000172814967,0.6147629573094211,0.23304064470924216,0.751177126125852,0.2881150654913592,0.8042822714241948,0.2936436560387485,0.053815866966555076,0.31812456091984226,0.0,0.31817174314845376
kid_rubble,63,0.8403640366705829,0.2789564259131386,0.8441034450991154,0.32896683350899675,0.6645764453404022,0.25957403729417305,0.6751187597239757,0.2528785487982961,0.8391060829059637,0.2537402264945055,0.8469654269637065,0.28313117154476186,0.1412767271970791,0.3496260896475809,0.0,0.34973803145381294
kid_rubble,71,0.8510445106141901,0.23277106359698715,0.8552070910803372,0.2609537872644236,0.5714285305568393,0.2740404763145811,0.5660207851609251,0.27199392373111203,0.8240648813037902,0.22080938351483614,0.8317220628883053,0.22660209087046035,0.1441170375088903,0.3507130627249507,0.0,0.3508304522318848
laughing_bear,10,0.8049192183456313,0.271600255145148,0.8093322817863093,0.29452527778127935,0.5794049126617308,0.3604187566708966,0.6762017833846263,0.3291696237797348,0.8480335012365416,0.24742561483760817,0.8555025934832634,0.2419989732051676,-0.06101001964529445,0.443611738184999,0.0,0.4435852089708566
laughing_bear,11,0.8877516567500654,0.24560280064300027,0.900214469640775,0.28484983442658834,0.5341496840632823,0.32394513161197824,0.6385826670189958,0.2937160258213489,0.9043765707573347,0.22647073483459512,0.9212162730708049,0.23745058653673548,-0.0975013025258613,0.3925853993570499,0.0,0.39254295303182424
laughing_bear,16,0.7489692308758324,0.2841104852804683,0.7580667905587872,0.3307301040901594,0.63109126289318,0.2838220266877347,0.7131291156235858,0.25460599399817413,0.7768598298509436,0.25800512548841964,0.7884182076019971,0.277629398042313,-0.05357540051081105,0.3729076463833757,0.0,0.37289486780576586
laughing_bear,24,0.8838606025639189,0.2244371074682196,0.8931143104079399,0.29525997738923837,0.5988221481848583,0.26733980781538386,0.6779120451312028,0.23878406779436462,0.8923340965172464,0.2100894344267249,0.9038754585688734,0.2549240615406941,-0.06864638026983298,0.34564524070500086,0.0,0.3456244700721622
man_desert,10,0.9168653338293781,0.27974073353690115,0.9406362803718935,0.2571674833553647,0.5773494383831805,0.3513204285432069,0.4898719740491021,0.35741154585209156,0.8993571542253936,0.27238455866868394,0.9280545918424609,0.23894613473686013,0.30530147059549273,0.440572522557819,0.0,0.4408129036296491
man_desert,11,0.858818082580149,0.32253517586680425,0.8693677540043313,0.3205811289069637,0.5887421349965197,0.34804793460241146,0.5162849168903874,0.3470998068699782,0.8576737754263526,0.3053611222700458,0.8754714774220422,0.28622515241493807,0.2772558412281663,0.44318382251946187,0.0,0.44337718385497826
man_desert,16,0.896892686919504,0.3271094710108201,0.9100871453305003,0.3451965433196618,0.5856890149248668,0.32369411435209583,0.5273684560023124,0.32168187766727785,0.8850468328591667,0.3071824576960871,0.9041033670150255,0.30550434382916325,0.2371447931576237,0.41012481642625453,0.0,0.41027044570326626
man_desert,19,0.8367538353590298,0.3417644252964369,0.8656623654704351,0.31594820843469856,0.6432851958191586,0.3576304410824333,0.625719508590761,0.33930735019189956,0.8528047489241662,0.3197829802077641,0.8907071576194628,0.27671159731453326,0.17980231833116517,0.45413852616413847,0.0,0.4542073127104377
man_door,10,0.8610913912750515,0.3002032325496385,0.9067978772085065,0.2734929486658274,0.44984979201310005,0.3658684423911126,0.5033645869713487,0.3475622695094522,0.8406149313574025,0.2989733659021108,0.8987903517190536,0.26105490694775213,-0.038783279929329686,0.4230949783341979,0.0,0.4230329539647386
man_door,12,0.6823060626013508,0.373014556025654,0.7160996318580842,0.34708540243271385,0.45741104805855953,0.4171541869838317,0.5287353827956827,0.3910468684795125,0.6837758054571599,0.3729777897877661,0.7269524209151916,0.33755993271218854,-0.057930393765907286,0.4880079617026003,0.0,0.4879282493912635
man_door,16,0.8907676419039811,0.29661853565431034,0.9200496128820673,0.27472856445143645,0.4847892482312452,0.3830020102643219,0.5316727555963182,0.36045039915560184,0.8788878972912545,0.2909446961048873,0.9142596846645256,0.25446846029311615,-0.03270448444022221,0.45383779474848795,0.0,0.45378169448524125
man_door,22,0.8553173016835658,0.26362820276397725,0.8873300787958898,0.2564445924047552,0.5234667011253392,0.3450590319235354,0.5846623917305501,0.32339909540493517,0.8658347726213997,0.25105210928566085,0.9056200351929653,0.21933091779105293,-0.04544935185511366,0.4194147630202488,0.0,0.41937253544679753
man_weaving,10,0.7831361354435951,0.27501273886363303,0.808810822881118,0.28532913587024966,0.5331797949978093,0.28678789860810516,0.6352267937314148,0.264860530642651,0.7499329524823994,0.26837236640765105,0.7921941980169763,0.26023361571540027,-0.031768240655432885,0.35645830105871806,0.0,0.35646331849819224
man_weaving,26,0.7807089946077167,0.24764857482525643,0.8060102330947683,0.2729217207492026,0.5285556567879209,0.25155561234234464,0.6263213238130104,0.2357630019909618,0.7772909202299749,0.22616055210641162,0.8150157678751295,0.22852395303340642,-0.06550194455797612,0.3052166133691696,0.0,0.30520182225363196
man_weaving,80,0.8249572023164544,0.2085692133572902,0.8419380461927862,0.25396856790628336,0.513662006353161,0.24455541420598337,0.5757526021970996,0.24241265758970812,0.8171675591254672,0.19307834240114652,0.8428694033800572,0.2128570220684083,-0.025763062434844664,0.29012106836772533,0.0,0.2901338834732965
man_weaving,87,0.7990750770381259,0.21916607480497516,0.8123611571611833,0.271527822239976,0.4537607080318652,0.25544897403881633,0.5021508592780051,0.2568885634006611,0.7713573672930436,0.20628071599938913,0.793420849762805,0.23339938583531306,-0.010366963289322309,0.29867238095361187,0.0,0.2987000335946736
monk,11,0.9327399134079489,0.25526121129915536,0.9561170680500056,0.2373111177114003,0.4840238458476644,0.3818572135270996,0.5305439772708095,0.37603293953228256,0.9085714080147214,0.24442904362574824,0.9451925326898446,0.20585154995570837,0.06747833309606731,0.4596089047065111,0.0,0.4597029692716093
monk,18,0.8658849702247853,0.3003663594079442,0.8915597523133025,0.29638660533827865,0.5427854218234818,0.3775872782899856,0.5881300652937437,0.3737548097767105,0.8714920801607127,0.27580462482608326,0.9130425193498013,0.25263133000790794,0.0944284831011792,0.45832867705023567,0.0,0.45844154433074297
monk,20,0.8460534975460309,0.2871826814354466,0.8872966700651024,0.26094504824265735,0.49079233129865324,0.3675174668221614,0.5333211025291015,0.3632007674314403,0.8239249778472902,0.27986232829982344,0.880662968205457,0.24275998298908874,0.08382550311405887,0.44202266577103094,0.0,0.4421263366135929
monk,61,0.7824009170148325,0.3187215650796141,0.8232909247412673,0.30392705651369223,0.5871062232710923,0.314033552661312,0.6694375860029461,0.2966305636926436,0.7592694717433611,0.3070714903653399,0.8152855041424938,0.2822490217230302,0.04785894000629839,0.41539116085705435,0.0,0.41545320571201216
mountain_chateau,11,0.9113497987192583,0.24759372215534364,0.9208621049881277,0.2579096423788791,0.6146807888736232,0.34469345144589003,0.5539652805226793,0.3580046598419398,0.9150312614150652,0.23183796395030692,0.9317129537132771,0.22593007566478412,0.4356268487345412,0.44394068411625376,0.0,0.4443189626560889
mountain_chateau,42,0.8780088599357148,0.23738210143439348,0.8710888794529014,0.27753340960321404,0.621658359478382,0.3162452250064992,0.5236571953536622,0.3343975529730918,0.9118639134975255,0.20575186100914195,0.9098014597933735,0.22892232127055873,0.5092810316359742,0.4109026230380818,0.0,0.4112648773583905
mountain_chateau,43,0.8573971687843113,0.2647281042103904,0.8490510908375902,0.29072334400205785,0.5268086692385224,0.3380627783267089,0.4035012640990981,0.3578972819850267,0.8688932593561625,0.24181610299514125,0.8667049340659847,0.25111968934364876,0.4894851320216199,0.40034297439983546,0.0,0.4006925812918553
mountain_chateau,68,0.8688569951035283,0.2403779275967703,0.8622019121712207,0.2727654348761267,0.6454300817977823,0.3039380168643688,0.5395570293367159,0.3245799059089583,0.901977885204521,0.20426539310266975,0.9016949409237712,0.21450821782998072,0.5397866226965373,0.3943769563727318,0.0,0.3947508243737146
satellite,11,0.8246347075384365,0.27893182291266927,0.8357389391091673,0.29185334640543126,0.5649184296854671,0.31715546836072933,0.6407497939914504,0.2980379378354707,0.8570434167037755,0.2533274832796642,0.8817603068186991,0.24304213839944214,0.20808118394385683,0.3840624225118774,0.0,0.3841875043403856
satellite,13,0.7872769267950831,0.24009543243016468,0.7745923203977881,0.2718190709958358,0.6898208492984099,0.24974187845831308,0.7251154426743633,0.2373787833879369,0.8154433922717987,0.21160287210134232,0.8128109228379282,0.2197190257597315,0.33575473064365063,0.35064342207364957,0.0,0.35087121961168116
satellite,17,0.856092427868238,0.25229573361393104,0.8663337908584329,0.28742373174072955,0.5546035127189978,0.26511170179402754,0.5959704054150109,0.2493382121095347,0.8503985350171156,0.2290387483543551,0.8709442921256971,0.2394705884478155,0.2495060683316335,0.3157583111805866,0.0,0.31590310549693024
satellite,82,0.7818937234025799,0.2190090831343061,0.7673119616607551,0.2655155576871253,0.5647213885268209,0.22855205967031225,0.5844343158814994,0.21892698335589847,0.7837372884574629,0.20106656939393847,0.7772021248142332,0.2269803776710688,0.28921525364965844,0.2749072212578329,0.0,0.2750709428419143
seal_ice,11,0.8568047994324511,0.3071367047951356,0.885863377416934,0.2904224880935091,0.5967685905240508,0.3534737308797197,0.6544539949256204,0.32668292488553946,0.8767460635573571,0.28402135444804727,0.9188342488613046,0.2450086470957636,0.0664671110747423,0.4397615989373917,0.0,0.4397810903404326
seal_ice,24,0.8224458625797194,0.29557604069958976,0.8400442640614698,0.3018969677619133,0.6364527791044313,0.3034765964112087,0.6835621359690552,0.27499077761898194,0.8239197521723745,0.2751263431722644,0.851514982786728,0.25933314646083555,0.0954364331116212,0.3871508003989458,0.0,0.38718233685335113
seal_ice,60,0.9241948618036732,0.24260000545570856,0.9393492035006036,0.2747154694308107,0.5784911073399985,0.26248881037379745,0.6130180144724904,0.2430656910824291,0.9055264838861491,0.22334237337605728,0.9280952834898543,0.23292436310413206,0.1108776794625909,0.34798914352219384,0.0,0.3480560125371886
seal_ice,85,0.882647107600473,0.26217983778390636,0.9074656810080577,0.2961380063591335,0.5203374265824461,0.2957860894893864,0.5631192881682797,0.2787863649683032,0.8603231138426368,0.24836338829971616,0.8909767152263937,0.2623483206393354,0.07986706049837487,0.362580928679145,0.0,0.36262396266565083
seals_cliff,11,0.66638324270676,0.3566094545837125,0.7162791015089145,0.3498243568078618,0.5006096495046167,0.3101969547364188,0.523902570829843,0.29795207904913085,0.6644452617499224,0.3237589265026469,0.7312380969093648,0.29777553797071143,0.035343236502589026,0.3510161008861939,0.0,0.3510024971674188
seals_cliff,17,0.7913899744496024,0.3297286664991307,0.8254216188972032,0.3340503370670589,0.4164132406264447,0.3647169023586224,0.37105459130301066,0.3713171322191298,0.7732090820939664,0.3084861875455327,0.8200329374130315,0.29487303514092345,0.14403700623118984,0.3815585721025475,0.0,0.3816608885456443
seals_cliff,24,0.7073725841711594,0.3098074950579772,0.7304270586064883,0.32072667021635265,0.19263700731294578,0.3914230256326019,0.15526760757975472,0.400910126009609,0.6889655749718737,0.28916446392624323,0.7187326887934847,0.27946125343253636,0.09330292593383727,0.3801219747176393,0.0,0.3802031272715681
seals_cliff,54,0.7847308232756316,0.31156360122782073,0.8111847418954005,0.32081478765189403,0.3309510991273422,0.35450775504123916,0.2796949612344679,0.3614777606993108,0.7603057032907896,0.294137871292294,0.7919628555447152,0.28769922518011837,0.140103192796088,0.3572615901644038,0.0,0.3573397120961278
short_man,17,0.7870379792158092,0.296464050143937,0.8251891061341273,0.3496342267565018,0.6180889626083281,0.2249333154539819,0.6874249811101963,0.20924446210905198,0.7811800076907466,0.26379683589833175,0.8365583343383842,0.2991691364026151,0.16079830479320886,0.31511612150734275,0.0,0.3152661550738982
short_man,49,0.7444696257536841,0.25694838827119304,0.7755087701360036,0.3020023498237805,0.624484900299267,0.25044583978257995,0.6232802920593123,0.24833268895919375,0.7181952492513075,0.2444997007457247,0.7547861263087884,0.27594063034221594,0.23710531452863096,0.3336094410297956,0.0,0.3337843675719981
short_man,80,0.8751825684753827,0.2237030891710766,0.8897387788627542,0.2670446909061113,0.5822411578883153,0.2605257137144673,0.5717397641772555,0.2627951637417327,0.8728146549689719,0.19714849782456303,0.8988171884295856,0.21687548952224708,0.2283552566951731,0.329923285361727,0.0,0.3300866642631742
short_man,84,0.8815398926360879,0.2477992744861884,0.9078121956471119,0.30463154127027803,0.5548209770790459,0.26417209844476,0.5450832203220688,0.26375443758853434,0.8460140655048687,0.2265184911543528,0.8793552389596422,0.2627700888447849,0.21439246050201025,0.3222084736168499,0.0,0.32234954107536024
snow_fox,12,0.8551801240952726,0.3231693808593249,0.8663121236008005,0.33856091423979123,0.6465278687896951,0.32541584599555934,0.7398198321040262,0.31378763709404256,0.8650131970093606,0.29354872670614574,0.8894251436880992,0.2832838802868711,0.2733095220687435,0.44466946715674344,0.0,0.4449061019809003
snow_fox,13,0.9176969897891553,0.31027397984440624,0.9283363168069159,0.3120640838356467,0.6318423162014708,0.37042945196627175,0.6825163300404311,0.3660479179185075,0.9045674949272368,0.2949097326292759,0.9231443377288966,0.281569139057374,0.32690758380764545,0.4927687507099828,0.0,0.4930399189200309
snow_fox,19,0.9031878240360295,0.29888765429457914,0.9034877090435247,0.34614232903848674,0.6661999273667317,0.3215838649213875,0.677680747934724,0.3190014506388761,0.8912015581821323,0.27030008316052534,0.8961468240935152,0.2907493512280036,0.383325735685075,0.4360206562780953,0.0,0.43629153935028403
snow_fox,22,0.893892042404665,0.2732240047871326,0.907618442965288,0.2728975999850938,0.6765897162648999,0.32742609499571323,0.7107663828786362,0.31870794519960155,0.8931698609945435,0.2547511941987167,0.9154558462113486,0.23349626504637683,0.3653525982090012,0.44453914818013407,0.0,0.4447848773325002
standing_bear,11,0.8598095168783126,0.2838272849320578,0.8946358234576229,0.23172593428507698,0.6580126513843055,0.3790154999257218,0.7384772423885592,0.34460402694818026,0.8704347362316885,0.2783427481614343,0.912183195489117,0.20674305010922087,-0.11068619731259867,0.4803582189665061,0.0,0.4802307214978219
standing_bear,12,0.745249973658042,0.31517405578175073,0.7884895403520663,0.2714348455305426,0.6684940509573605,0.3294478281947774,0.7539042261224662,0.2930463481233442,0.7619258866942041,0.3037681167254183,0.8188747517522117,0.2456167780155,-0.1239584456252524,0.42953462078878185,0.0,0.429391892427518
standing_bear,18,0.7714732208609677,0.3298660867055141,0.8288849103865839,0.31512061312849327,0.6152074831390055,0.30342217783411857,0.7026047275490972,0.2672913735297648,0.7752921442943215,0.304401325226558,0.8505794909021399,0.2654365964831691,-0.14484948148523027,0.3835846254414955,0.0,0.38340558451215306
standing_bear,77,0.8578121334519573,0.2601459636772926,0.8920323157735814,0.2815124483588044,0.5715816134497097,0.2389788671712169,0.6168840550341328,0.2216357488315572,0.8309504854683407,0.24034104367014122,0.8709165306735148,0.240576024785356,-0.055988207632677034,0.32062663952321924,0.0,0.32057444273092
street_greeting,11,0.8199824284440537,0.33117242882582526,0.8427259190769362,0.35641323389581614,0.4513975724755827,0.3063245235111246,0.5950401848506124,0.26988872264112107,0.807794087158505,0.3057300699716325,0.84469072403851,0.3060394813356469,-0.014122945179044053,0.3471959558919274,0.0,0.3471722491096885
street_greeting,15,0.8269207095839797,0.34239992319536466,0.844205965023175,0.3890165021215269,0.47948634536087015,0.3188446851447524,0.6067967199192298,0.28317179435959416,0.8159737724424299,0.31478100499476686,0.8415177953694792,0.337590674133737,-0.008864450602198586,0.3764260012418313,0.0,0.3764136370977819
street_greeting,21,0.8572284458731917,0.27570061457444034,0.8675022775184379,0.3053852005061994,0.5376415560716037,0.29303026551323913,0.6328190702707422,0.26478549920990496,0.8473047144745295,0.2574348484898921,0.8688022025499189,0.2608802381831949,0.050168191933576536,0.36367189885458046,0.0,0.3636950211537361
street_greeting,48,0.8608170803387175,0.2589051495007048,0.870487617875325,0.3388746782580455,0.5390450873651577,0.23278522225708362,0.623171554547908,0.2157512999745232,0.863046605098942,0.23199067507336252,0.8795881180430951,0.2836026033713311,0.03761172284489195,0.2925830224278672,0.0,0.292618619882081
swan_ice,10,0.8801164818267421,0.2978976836993549,0.924377890588773,0.24268109716315048,0.5965671930399694,0.3870870092872993,0.6699328197896779,0.3716484407816919,0.8545820864763802,0.29746403655281795,0.9141532927951102,0.23140187626759054,0.1356033597747186,0.5000790135212324,0.0,0.5001886268304316
swan_ice,13,0.7715995222705916,0.3117389535608213,0.8296186746337949,0.2736929359129331,0.6730175324991209,0.33122794825005697,0.7783434131390303,0.3102105580812311,0.7691587600787707,0.29901435270277943,0.8442267077952644,0.2495754482109736,0.13806287742550244,0.4500546512353578,0.0,0.4501834980618101
swan_ice,20,0.8485963864738278,0.2925773184786975,0.8838983667380853,0.2642203394494542,0.6074767041542201,0.32464278276123304,0.7161992343733772,0.2978299015665884,0.8404841100670931,0.279581433898124,0.8932542438857565,0.2304292074796803,0.11347522218242553,0.4294718252543183,0.0,0.42954768696756046
swan_ice,44,0.7976420642354237,0.32996552281080094,0.8292097171659677,0.34415067510964437,0.6009189901512428,0.2897181470967185,0.7120791870634197,0.2588655130332529,0.7922930828945003,0.3090050350017317,0.8333486265827377,0.3037581770273659,0.10386504482909958,0.3746220150263766,0.0,0.37467645742946604
tiger_leaves,23,0.8611411300038004,0.2668067890165752,0.8583396241816557,0.31217813162439845,0.7003450462540739,0.22114582398341176,0.6902162160700978,0.21395714231919188,0.8901639324387078,0.22288536062191475,0.8934025151542035,0.24463930610646561,0.33401845373089867,0.3156358814551793,0.0,0.3158380012483338
tiger_leaves,36,0.792270172928534,0.26592310391198076,0.7914904901201457,0.29736436338676264,0.6222382564954732,0.25299877243459734,0.5925104298373565,0.2562746479734045,0.808058859873001,0.23964679587398657,0.8141279835187869,0.25238371647328345,0.3307144527788055,0.3227935340258508,0.0,0.3229982538423801
tiger_leaves,78,0.9129484415548935,0.21143718807520626,0.9113027245918324,0.23742836474254156,0.7059033987491004,0.24844514415080282,0.6728539507481884,0.24750138580037753,0.9176468880308501,0.18842936133547245,0.9226968151934081,0.18826513589304233,0.37543565098312287,0.3611491917776847,0.0,0.36138021809332926
tiger_leaves,86,0.9167502748641886,0.20867088957242322,0.9145085514991402,0.24496255827125193,0.6242146479450206,0.25120367882415284,0.5632747597707317,0.263097795458951,0.9154251226477399,0.18313161047682844,0.9192774685318493,0.19761551055598597,0.38354543927236423,0.3369962528877531,0.0,0.3372521840285904
tourist_shore,12,0.8038452031105918,0.3608501265581019,0.8271612121704416,0.3682007561076135,0.6476063035068474,0.31802177939070386,0.7244113340199864,0.3125764207676522,0.8110111042815891,0.3284393214234229,0.8524710791959367,0.3197313407224445,0.317610616859283,0.43874497584719063,0.0,0.4390871065810741
tourist_shore,30,0.867506370760635,0.28880251941086765,0.8987074100651439,0.28589638900693953,0.5980189463135842,0.29562699449772234,0.63803211457211,0.291954108888804,0.8516132399002808,0.27104237596836017,0.8955063539940253,0.25519280758380564,0.34597250495837584,0.40657034274437703,0.0,0.40691985661472374
tourist_shore,73,0.8978865098329769,0.2371470335133728,0.9052792414205663,0.2602243276989023,0.6768066939205191,0.2785939773372528,0.6876047046363951,0.2891719012005713,0.8967599064219338,0.21675685337886164,0.9134705669839545,0.22312800393852664,0.42195578375549214,0.40812317135599735,0.0,0.4085325242543537
tourist_shore,82,0.8823011898279196,0.293086878623922,0.8888134651206485,0.33902431846144004,0.6952578259218787,0.22334862960444926,0.7401823738559904,0.2180326502518212,0.8945645917025989,0.25495731037700964,0.9092889731289063,0.2814007041650386,0.39270440122161804,0.33808940478983696,0.0,0.3384425324000516
traffic_santa,10,0.7832433997819873,0.32108940971616395,0.827887640301388,0.3046804211833787,0.49627322780664007,0.3099902128233981,0.6857413027367876,0.2673154095471853,0.7772364094811108,0.3001133235829123,0.8506723845085744,0.2633430842203037,0.03929272463984091,0.3712435659920331,0.0,0.37126794824129367
traffic_santa,14,0.6670451258086391,0.3546588566528502,0.7293274963299718,0.34924819913476485,0.5771421148953592,0.271335604538064,0.7692737386996651,0.22881446689208304,0.6564252032863992,0.3285635005101949,0.7434727874362044,0.3071036973913753,0.0681363159149797,0.35559544637253704,0.0,0.3556623807075508
traffic_santa,16,0.7461092341457392,0.3342470716553911,0.8063538655305491,0.31109336440400404,0.5053632394771315,0.315801342877246,0.6803945543774603,0.2747820405292027,0.7405724929285441,0.31045092264384794,0.8352388157954398,0.2672446694509312,0.04807658466077074,0.3856699971617122,0.0,0.38570095813636196
traffic_santa,23,0.7722163409434571,0.3088563850451067,0.8108225771675065,0.307903606975629,0.44843547552330654,0.3285366075914927,0.5757196304931341,0.29902353698096423,0.7483067781704229,0.2953137513467667,0.8093486216189973,0.27575398351818364,0.06854276985701879,0.38103830333337724,0.0,0.3810951355867743
two_bears,10,0.833216788842032,0.27600580350932363,0.8500824563386306,0.2642599688395038,0.5804529340163502,0.3589735174862271,0.6745882417167391,0.3393985576577136,0.8380491743530301,0.27160682171671785,0.8670014052280395,0.24158585153131398,0.14285844712348408,0.45833471337070525,0.0,0.4584481894644456
two_bears,20,0.8794515306871895,0.2558182862979567,0.8942833369228653,0.2862936604710572,0.4489026705527541,0.3085366910219648,0.48077936031895274,0.29474926870348567,0.8716385388378142,0.24190372067563315,0.8921498635747609,0.24694167933442598,0.153115300672281,0.37604656219932714,0.0,0.3761519280074759
two_bears,28,0.8016618736854825,0.24890622476350052,0.8078137636067221,0.26262775497520646,0.5513584695757671,0.29994223294877664,0.6014032836799298,0.2847318144518158,0.8145348322252881,0.2360271944038474,0.8267425056300102,0.2281188792870535,0.17079126935796476,0.3748736743948192,0.0,0.3749753671673058
two_bears,72,0.8988084613360695,0.21423723652981974,0.9042809573937428,0.25536815048643546,0.49476907823045,0.28625430934532037,0.5163130963525715,0.27850014661133254,0.8862210285131099,0.20142252691908485,0.9025188013965181,0.21308715257769315,0.18452412990186137,0.35406837069303665,0.0,0.3542021377706043
walking_bear,12,0.7915486421039715,0.2682731453204766,0.8433396750553859,0.27544144369256446,0.44996023867024776,0.3290391383347296,0.5825528596141879,0.3036813218989079,0.7893814211486745,0.2609266534845381,0.852656560366043,0.25130922581431936,-0.03599122912338489,0.40075769823533663,0.0,0.40077052146727027
walking_bear,22,0.7065138619893845,0.2609369442263699,0.7416980418987791,0.2733939595904796,0.41974105807967843,0.29211663351658895,0.5874211847987163,0.25524643201414465,0.7333077041725095,0.23929618440907,0.7757378221077791,0.23072684053636733,-0.13770676446941385,0.32592520913507295,0.0,0.3258379343682525
walking_bear,23,0.7282861801079509,0.262643368018716,0.7741933026692335,0.29498718077729047,0.4034937724929619,0.2807954011899165,0.5500730571723764,0.25166602268627697,0.7451665039150392,0.24049532866692017,0.8050955768015653,0.24707332265166104,-0.11128471153796132,0.31603818061203065,0.0,0.31597836223865744
walking_bear,39,0.7355202865987432,0.25315035291719623,0.7788165314758142,0.27215712927202484,0.3711768002096347,0.2822831254827289,0.49377658048669637,0.25741028766048507,0.7377191918686361,0.23652537142093744,0.7918881450977854,0.23190352523179422,-0.11455814765280213,0.31071454396107706,0.0,0.310645877007058
wet_bear,10,0.8261779770011715,0.35052869510528667,0.8321748364925691,0.36726166039763664,0.5222381227331265,0.3447010459309661,0.6016302917697595,0.3294225489984574,0.8344174828206589,0.32500331020217377,0.8531844104744926,0.32246127402400343,0.1228443208699438,0.4173846565168734,0.0,0.4175131050424115
wet_bear,43,0.8695959999873322,0.3044024548525278,0.8593169798386288,0.34583454986317114,0.5774787086542138,0.23459663727244268,0.5830893046716876,0.24208244356963055,0.8648919473086465,0.27485247197451834,0.8629448380777558,0.300846500674468,0.2672785585798612,0.2961765021060125,0.0,0.29646111231158906
wet_bear,47,0.8536319528912826,0.3364426933765584,0.847843492098907,0.3901742628965215,0.6162096327592661,0.24183868865727548,0.6077308447788958,0.25119527862108465,0.8529738961641158,0.29708342802367943,0.85410815466482,0.33267118387549893,0.3044493572542352,0.32249496932659355,0.0,0.3227963871892831
wet_bear,72,0.911279168823602,0.2675247651276312,0.9199897318607048,0.2846904343200391,0.5900831353269483,0.2819856200913168,0.61141530393508,0.2857165208277582,0.9140449404925013,0.23460541223234668,0.9352359488180848,0.23048072681425524,0.2516625394949504,0.3642508612450042,0.0,0.36450675773332686
white_hat,12,0.861799195537403,0.3662148137788782,0.9051061517518382,0.3377608164689974,0.3630452146970216,0.43254488750689307,0.40185412762145295,0.42104310043048465,0.8281371268904598,0.35919077275229294,0.893564618874584,0.31734717938319074,0.05514512107085863,0.49807792538390244,0.0,0.49812590017214775
white_hat,19,0.9173955491925826,0.2836883658706313,0.9452881277156702,0.26335222946794623,0.3992529227379098,0.378169193233444,0.4297645471413528,0.3664645006867167,0.9041874890234392,0.26386327362209266,0.9449585229167293,0.2171233313952913,0.08489696586693019,0.4452458031644718,0.0,0.4453310002017791
white_hat,27,0.8343695126179457,0.33750622214824205,0.8657326240232874,0.32421126468096856,0.3996892449498096,0.38890078626458535,0.4065323297436432,0.3867627544243204,0.8261164696795147,0.31391182455633554,0.8793758166131422,0.2822758842048344,0.12056447816374591,0.455317405071629,0.0,0.4554500131685237
white_hat,79,0.90369999868767,0.2387062029510298,0.925027187201218,0.23914526386430873,0.4517461980581139,0.34160009399505614,0.4610750227158857,0.34006878835928656,0.8913058420783537,0.22053630020368725,0.9272418079334837,0.19455610769235054,0.1348516715661901,0.4118466016796817,0.0,0.4119844566527038
young_cowboy,11,0.793841300624017,0.2889893197234904,0.8143956690989235,0.3363533097685219,0.6143144657528967,0.32140351334744005,0.709363708602099,0.2901036379366385,0.8263174874023735,0.26373662452932833,0.8510176062838329,0.2892495370961488,-0.08018755394845586,0.4090406008503511,0.0,0.4090081013700207
young_cowboy,18,0.8584542568347802,0.2417390260497014,0.8694748854245121,0.24791420369330916,0.5662841809069957,0.36691007424142585,0.624012263113807,0.343310942048478,0.8694768228573145,0.23507777176684524,0.8817938855042031,0.21480956337446908,-0.051945987996062995,0.4462743611129064,0.0,0.44625458832245957
young_cowboy,19,0.8153134657646001,0.2714523928555405,0.8376870571393215,0.29137698378758425,0.5512967755931804,0.34732318074470525,0.6318677992032367,0.31680495440353473,0.8402241028484996,0.2568774641714407,0.8662483857278767,0.2552431429171751,-0.10867774091188866,0.4141447908260368,0.0,0.41408613920934145
young_cowboy,68,0.8550954776127356,0.2620892037765322,0.8647630018897223,0.3183897707131417,0.5490199815298783,0.3550504467078338,0.6104297155956828,0.33168314574788504,0.8526428743313925,0.25370075900282013,0.8614713805144368,0.2860343836007493,-0.08488509975755429,0.42652249085921606,0.0,0.4264915656739633
