content,level,unet_cc,unet_jsd
arab_mountain,18,0.9321309906222447,0.3705885115472307
arab_mountain,38,0.9208071196985864,0.35313669914872514
arab_mountain,47,0.910002349633716,0.34009447153960826
arab_mountain,64,0.9039499179878846,0.34977971354278303
bear_fish,19,0.8274158110350174,0.3391829371635687
bear_fish,25,0.8837529210461063,0.35407074608380074
bear_fish,32,0.9305568416193432,0.3539587353126904
bear_fish,64,0.7896779283106174,0.33589657146024476
bird_bushes,18,0.9289463376485285,0.36098700650027804
bird_bushes,21,0.9411659505836082,0.3880504919153963
bird_bushes,42,0.9298383465645785,0.3748235240171996
bird_bushes,64,0.9147803148145525,0.3634042457790075
cat_fence,10,0.8850468766290249,0.4701543687611926
cat_fence,11,0.8992839489350493,0.43010372256996326
cat_fence,72,0.9110254114894467,0.36139856389693303
cat_fence,87,0.943326907412694,0.35683781345166343
climber_mountains,10,0.8683238540652536,0.37120897617870713
climber_mountains,11,0.8912651633704758,0.3867488674405152
climber_mountains,26,0.8832936728813108,0.3636545608633714
climber_mountains,34,0.8624184717207555,0.340095892141063
climber_sunglasses,11,0.8140813375340776,0.3886031366406902
climber_sunglasses,21,0.9441303485647837,0.34826031620839903
climber_sunglasses,35,0.8791536734164541,0.3542595132490109
climber_sunglasses,47,0.9468731509886333,0.3515965809698931
cycler_hill,11,0.9111790616845993,0.3736219515582755
cycler_hill,24,0.8899589665504459,0.3224986597424784
cycler_hill,60,0.9008561570668716,0.2904125053488813
cycler_hill,71,0.906053481449447,0.31088525921013255
cycler_ice,14,0.7896618727066239,0.31023150547095274
cycler_ice,15,0.8120519289792787,0.28551420424104673
cycler_ice,30,0.624885543343061,0.2590325497877905
cycler_ice,40,0.7439093564890085,0.22873745526682496
dog,29,0.8393979432141504,0.2943253497821876
dog,33,0.9330570272624936,0.30230488342257644
dog,67,0.8695662102749231,0.3102274154938446
dog,90,0.8938590084171111,0.2894499764611448
dog_walker,22,0.8849909547454414,0.38260724693859327
dog_walker,27,0.8589497664093435,0.34430778158061354
dog_walker,77,0.82887153190181,0.28004502119407904
dog_walker,87,0.9394515557629062,0.3519364407590244
fence_guard,11,0.9328550611504376,0.3697510578983167
fence_guard,15,0.9220825294431189,0.3262518339175949
fence_guard,24,0.8716641155623206,0.3664647484254204
fence_guard,50,0.9032582071533835,0.33249921328031495
girl_boat,13,0.9481309135263777,0.5271839885141135
girl_boat,31,0.9518293867136627,0.4781951240293706
girl_boat,66,0.9189263059533364,0.4150373250943486
girl_boat,86,0.8970182271862486,0.4064824369964703
girl_car,12,0.7928165528494011,0.3633996543404541
girl_car,22,0.8092141992261609,0.35674539150430445
girl_car,27,0.7818742224799353,0.3513591546852618
girl_car,63,0.8801730880240095,0.2980576151645898
goalkeeper_boy,10,0.8811555754477127,0.39525158313456815
goalkeeper_boy,16,0.9132667392542632,0.37026092325475485
goalkeeper_boy,20,0.9364154131253772,0.3775244315251882
goalkeeper_boy,62,0.8745811653068473,0.35967178433740243
head_statue,14,0.8554977482808341,0.35646458332473485
head_statue,22,0.8646256715445543,0.33279430470200977
head_statue,32,0.8650217200139748,0.3237353663033824
head_statue,85,0.7689202046578513,0.2833382766286111
hunter_boy,10,0.9216984621447704,0.4409120029712418
hunter_boy,16,0.8862696482436799,0.47313076723739916
hunter_boy,21,0.937543848951157,0.4590521600729567
hunter_boy,44,0.9401582960687309,0.4267907660115928
kid_bucket,10,0.9386432641009457,0.43715330993455576
kid_bucket,22,0.9657197358034327,0.42873057796872593
kid_bucket,30,0.9563631734387285,0.3620874446515015
kid_bucket,32,0.9407841056597097,0.41786571920350074
kid_rubble,14,0.8837671610678745,0.3678531900702825
kid_rubble,19,0.9110118045179995,0.31519878731272727
kid_rubble,63,0.8567038079777892,0.3469430736190002
kid_rubble,71,0.8393215134677601,0.34801524532750533
laughing_bear,10,0.7776206537393696,0.4347931233012098
laughing_bear,11,0.8993810070749119,0.38106056039468084
laughing_bear,16,0.755824576622224,0.3639117142470081
laughing_bear,24,0.8645307114397791,0.3352695545978068
man_desert,10,0.9386163260967378,0.4291550308242746
man_desert,11,0.9057236459880537,0.43248203687523684
man_desert,16,0.945923094218444,0.398432873670731
man_desert,19,0.9097798465403644,0.44358428833633945
man_door,10,0.92862867563544,0.41768372128711145
man_door,12,0.7643629562142148,0.4839076060689626
man_door,16,0.9220288803644052,0.44848897703547624
man_door,22,0.8719819479503856,0.41498900815302797
man_weaving,10,0.900133151368042,0.35187126044690065
man_weaving,26,0.8145323380437094,0.30078156249780064
man_weaving,80,0.8679972899465279,0.28490084369659363
man_weaving,87,0.823449034281886,0.29315406437088337
monk,11,0.9516305798021696,0.45801736400433823
monk,18,0.9007788374421761,0.45691832245507547
monk,20,0.9224457731997939,0.44067536273405633
monk,61,0.897486608594738,0.4137929480682159
mountain_chateau,11,0.9461372366280595,0.44265160530998326
mountain_chateau,42,0.8951191171206434,0.40961259417914075
mountain_chateau,43,0.844589332548774,0.39911080710560276
mountain_chateau,68,0.9097176053444527,0.3928547951473764
satellite,11,0.903534325056818,0.3814969195255178
satellite,13,0.8248913920017267,0.34731259098739403
satellite,17,0.902007294085651,0.31219159393883195
satellite,82,0.812018880972329,0.27110957197420843
seal_ice,11,0.9220698945529235,0.4331350457386128
seal_ice,24,0.8930926268832147,0.38060305066313804
seal_ice,60,0.9527544054298607,0.34152989754607677
seal_ice,85,0.9092673961321606,0.3552849811068065
seals_cliff,11,0.821358177347393,0.3480036287708918
seals_cliff,17,0.8523440035848697,0.3784633190905503
seals_cliff,24,0.6650511423999926,0.377694747070699
seals_cliff,54,0.7740239082801957,0.35448959658245616
short_man,17,0.9016240340609221,0.3064421908273332
short_man,49,0.8309664711738471,0.3226561144371358
short_man,80,0.9163684350134381,0.32256029970952405
short_man,84,0.9429563448157321,0.3135604831931223
snow_fox,12,0.9114934935600522,0.4437632238374111
snow_fox,13,0.952788621755368,0.4919678471681646
snow_fox,19,0.9262157712845501,0.4351733583364289
snow_fox,22,0.9172881416201123,0.4435199848934237
standing_bear,11,0.8911410639315878,0.4785361657335923
standing_bear,12,0.8263145956949972,0.42792009885501875
standing_bear,18,0.8964367297050531,0.3818211598104346
standing_bear,77,0.9151386282363481,0.31861865252637583
street_greeting,11,0.9044624194340135,0.3443851496888433
street_greeting,15,0.911842353421506,0.37360853624339796
street_greeting,21,0.9147649000485362,0.36043094033770484
street_greeting,48,0.9440065888925765,0.2895270711251946
swan_ice,10,0.9294382480497758,0.4962710846498589
swan_ice,13,0.8786586935614201,0.4448589179689206
swan_ice,20,0.9262863944413928,0.4254001563387349
swan_ice,44,0.8619643902329526,0.37018904398238833
tiger_leaves,23,0.9092186303723235,0.31394951153957035
tiger_leaves,36,0.8465927080995146,0.32123627730397947
tiger_leaves,78,0.9420768716741263,0.3595025217640395
tiger_leaves,86,0.9135244074893625,0.33557508949236364
tourist_shore,12,0.9085789528893031,0.4373646584956647
tourist_shore,30,0.9072673610008063,0.40484736774634067
tourist_shore,73,0.9385565576922982,0.40627495127867724
tourist_shore,82,0.9363643722231476,0.3363377540032496
traffic_santa,10,0.8874356693959382,0.3642910302824341
traffic_santa,14,0.8473984367969233,0.3452703968012576
traffic_santa,16,0.9102415015039158,0.37694894325636275
traffic_santa,23,0.8729776438935963,0.3737924554830802
two_bears,10,0.8725871347014098,0.4418830588039882
two_bears,20,0.9447673293769749,0.3577093609343859
two_bears,28,0.8710981954462317,0.35496348884843765
two_bears,72,0.9088741390107589,0.33754996879222576
walking_bear,12,0.8970112901603478,0.3915077461933344
walking_bear,22,0.7612082656709034,0.3203354144722164
walking_bear,23,0.85774514277524,0.3093177776322531
walking_bear,39,0.8099632111612595,0.3050641017213265
wet_bear,10,0.8753049369785897,0.4160665735939811
wet_bear,43,0.8571413682144118,0.2948343278618529
wet_bear,47,0.8712403937481473,0.32120620433181196
wet_bear,72,0.9190435425653062,0.3629029497510589
white_hat,12,0.9482184279923555,0.4891212071189394
white_hat,19,0.9729833494535943,0.4355537158304986
white_hat,27,0.9324429505695192,0.44694257162524664
white_hat,79,0.9596679940675025,0.4031943693032103
young_cowboy,11,0.9224067352483901,0.40665366444317824
young_cowboy,18,0.804443204373504,0.44432863161357156
young_cowboy,19,0.920025342709671,0.4118441907825481
young_cowboy,68,0.9149871738334311,0.4241889580043851
