content,dist_type,dist_level,unet_cc,unet_jsd
bikes,blur,10,0.8361630273357163,0.47847224339559574
bikes,blur,20,0.7142845070564521,0.4022350292446904
bikes,blur,30,0.6146196007259155,0.3387790735609748
bikes,jpeg,10,0.7818711330443994,0.4045237189695026
bikes,jpeg,20,0.7328236406964648,0.41164913492924754
bikes,jpeg,30,0.6451779979780579,0.37080310956646695
bikes,noise,10,0.6892610281281124,0.48892458627724444
bikes,noise,20,0.7946856799532029,0.4166766655249384
bikes,noise,30,0.5717594306643746,0.39381537852108867
lighthouse,blur,10,0.5218485842046485,0.4320293193713284
lighthouse,blur,20,0.5123930867929267,0.473688725842519
lighthouse,blur,30,0.6227014584693132,0.3291325748409902
lighthouse,jpeg,10,0.4964834845334376,0.4406101695861625
lighthouse,jpeg,20,0.43861611288580077,0.46001126817283994
lighthouse,jpeg,30,0.7128843839832537,0.37220210465328457
lighthouse,noise,10,0.4656854381842379,0.4477256059866768
lighthouse,noise,20,0.45955969416854425,0.43842124846164915
lighthouse,noise,30,0.5610879733326588,0.4368779266372082
paintedhouse,blur,10,0.5970897025798784,0.583539483293963
paintedhouse,blur,20,0.826581791293522,0.4086863647493077
paintedhouse,blur,30,0.6188234106167404,0.2894947460865068
paintedhouse,jpeg,10,0.7503288073612449,0.3967728740732856
paintedhouse,jpeg,20,0.7286328689079334,0.4134741860114624
paintedhouse,jpeg,30,0.6017718760009142,0.30774726757852333
paintedhouse,noise,10,0.6201827097017429,0.5037891320368137
paintedhouse,noise,20,0.7624384855518037,0.4501751864086492
paintedhouse,noise,30,0.738326411591488,0.41198499025451146
rapids,blur,10,0.7096682896145402,0.5501355261479094
rapids,blur,20,0.7400926015612652,0.5416435205181527
rapids,blur,30,0.8139631119465227,0.40010014973949837
rapids,jpeg,10,0.7342791071497365,0.5070702544629263
rapids,jpeg,20,0.6347339607372682,0.5063704697260488
rapids,jpeg,30,0.7588095447138447,0.4729003644792665
rapids,noise,10,0.8026931278104068,0.508781325398756
rapids,noise,20,0.7691409178776782,0.4571333476780838
rapids,noise,30,0.8279927332647224,0.3751409203913768
stream,blur,10,0.5730909707593139,0.5536278752479828
stream,blur,20,0.769407726039428,0.3744792903426816
stream,blur,30,0.6909611947225128,0.3290978728955964
stream,jpeg,10,0.6569077900611533,0.34425652196875084
stream,jpeg,20,0.6505948969985927,0.3407097474855078
stream,jpeg,30,0.7054166200366409,0.3133269879703581
stream,noise,10,0.7376828033099265,0.3945273123505409
stream,noise,20,0.6536682496883567,0.47518149106255264
stream,noise,30,0.6296425667922251,0.4176243336054279
womanhat,blur,10,0.8038533542604284,0.5823987938602994
womanhat,blur,20,0.7746698306369115,0.5093356399932877
womanhat,blur,30,0.6563026339437001,0.4629877124693725
womanhat,jpeg,10,0.7480705845480193,0.5598707077088005
womanhat,jpeg,20,0.7937545726908523,0.5117829391095547
womanhat,jpeg,30,0.7112547862049681,0.45768381881296644
womanhat,noise,10,0.7801207704764821,0.49941744749955613
womanhat,noise,20,0.7028719119321937,0.49846201410593555
womanhat,noise,30,0.7487721307619749,0.4110291822807756
