content,level,raw_mae,e_nr,e_fr,spatial_cc_fr_nr,grad_at_boundary,grad_at_interior,boundary_ratio
arab_mountain,18,6.483816666666667,0.16813147068023682,0.25004786252975464,0.9589599124044009,12.347488738738738,6.234528571428571,1.9805007864303477
arab_mountain,38,4.8118944444444445,0.1913089007139206,0.31569889187812805,0.9535703066255674,11.167578828828828,7.345712698412698,1.5202852721479918
arab_mountain,47,4.4217055555555556,0.19894340634346008,0.3257560431957245,0.9589460428665059,10.867105855855856,7.565612698412698,1.4363814655929177
arab_mountain,64,3.780266666666667,0.21158723533153534,0.337506502866745,0.9601643054649331,10.398457207207207,7.929304761904762,1.3113958309641258
bear_fish,19,6.11345,0.12073417752981186,0.1832674741744995,0.9691238973886114,13.822725225225225,8.016274603174603,1.7243327991470538
bear_fish,25,5.390408333333333,0.12951411306858063,0.1919603943824768,0.9702391074712056,13.18688063063063,8.3668,1.5760960738429335
bear_fish,32,4.807594444444445,0.12776121497154236,0.19593122601509094,0.9704901540805998,12.620112612612612,8.679263492063493,1.4540534025901233
bear_fish,64,3.2746444444444442,0.1333211213350296,0.20301087200641632,0.9694547739809085,11.322240990990991,9.268666666666666,1.221560921131026
bird_bushes,18,8.5289,0.159079447388649,0.23740917444229126,0.9563483790247495,24.507657657657656,17.72209523809524,1.3828871433313856
bird_bushes,21,7.939836111111111,0.16539806127548218,0.24199099838733673,0.9596322526894155,23.761283783783785,17.90691111111111,1.3269336981875537
bird_bushes,42,5.6357944444444446,0.16883188486099243,0.2451089769601822,0.9600138887184586,21.23403153153153,18.527166666666666,1.146102472847821
bird_bushes,64,4.356208333333333,0.16754207015037537,0.24981367588043213,0.9629701378531581,20.076722972972973,18.7910873015873,1.0684173113961324
cat_fence,10,5.167172222222222,0.06656345725059509,0.10394234210252762,0.9639628341921354,8.688355855855855,2.9368063492063494,2.95843675841986
cat_fence,11,4.890841666666667,0.06778673827648163,0.11319225281476974,0.9727793867391109,8.474808558558559,3.014968253968254,2.8109113744071226
cat_fence,72,1.7431972222222223,0.10506458580493927,0.19417740404605865,0.975376844570641,5.925247747747748,4.450319047619048,1.3314208901306674
cat_fence,87,1.157688888888889,0.10747186094522476,0.20303431153297424,0.9791799881544436,5.4722297297297295,4.545246031746032,1.2039457691636546
climber_mountains,10,6.887205555555555,0.06911396235227585,0.10703185945749283,0.9770146601073881,10.498513513513513,3.9315920634920634,2.6702957336285804
climber_mountains,11,6.633930555555556,0.06668706238269806,0.11152718961238861,0.9754144759166473,10.540033783783784,4.115604761904762,2.560992707886542
climber_mountains,26,4.750825,0.08338049054145813,0.14363537728786469,0.9791351787247726,9.869493243243243,5.686060317460317,1.735734883595066
climber_mountains,34,4.263722222222222,0.08835924416780472,0.14313021302223206,0.9759426075753762,9.506644144144143,6.0135507936507935,1.5808703493749208
climber_sunglasses,11,12.411055555555556,0.16552899777889252,0.2582140862941742,0.9493809873475428,22.499864864864865,11.235188888888889,2.0026245297143377
climber_sunglasses,21,9.875633333333333,0.18826034665107727,0.3082990348339081,0.9580200715154088,21.178277027027026,13.587446031746031,1.558665033704203
climber_sunglasses,35,8.115958333333333,0.20148606598377228,0.3340846598148346,0.960537969882635,20.255934684684686,15.018822222222223,1.3487032727980595
climber_sunglasses,47,7.121416666666667,0.212938129901886,0.3465169072151184,0.962061772783481,19.747972972972974,15.800460317460317,1.2498352944280493
cycler_hill,11,7.441583333333333,0.11544258892536163,0.15669189393520355,0.9588118635330053,13.695394144144144,5.852746031746031,2.33999460592622
cycler_hill,24,5.253136111111111,0.13348717987537384,0.1889766901731491,0.9740168043305836,11.685461711711712,7.115201587301588,1.6423233506925465
cycler_hill,60,3.5030305555555556,0.13235405087471008,0.19981874525547028,0.9738758360830515,9.846058558558559,7.914539682539682,1.2440469001979697
cycler_hill,71,3.031275,0.13268283009529114,0.2014172077178955,0.9775141698008069,9.350822072072072,8.11626984126984,1.152108327463879
cycler_ice,14,5.790275,0.07735475897789001,0.1271262913942337,0.9748922955291925,10.386103603603603,5.107523809523809,2.033490981331304
cycler_ice,15,5.57335,0.07753587514162064,0.1279340237379074,0.9767312513894344,10.224650900900901,5.185477777777778,1.9717856944091803
cycler_ice,30,4.2308361111111115,0.07686794549226761,0.13456930220127106,0.9784306910126229,9.445315315315316,6.009139682539683,1.5718248891365108
cycler_ice,40,3.7861527777777777,0.08214590698480606,0.13991661369800568,0.9786142687489711,9.135675675675676,6.3111476190476195,1.4475458707544608
dog,29,6.516563888888889,0.12949061393737793,0.21012912690639496,0.9717003344992942,15.0921509009009,10.097133333333334,1.4946966037455587
dog,33,6.179944444444445,0.12830035388469696,0.21399158239364624,0.9733869705221655,14.878378378378379,10.332069841269842,1.4400191449488249
dog,67,4.3387472222222225,0.14832551777362823,0.2251979112625122,0.9745835590985031,13.48661036036036,11.432819047619047,1.179639973674546
dog,90,2.186236111111111,0.1538955122232437,0.23612122237682343,0.9767146301879026,12.098040540540541,12.045357142857142,1.004373751401272
dog_walker,22,7.088175,0.1807345300912857,0.2868523895740509,0.9616740041149183,15.938344594594595,9.980830158730159,1.5968956831363215
dog_walker,27,6.529058333333333,0.1870812475681305,0.2888546586036682,0.9609382892227085,15.614087837837838,10.388176190476191,1.5030634397740792
dog_walker,77,3.3681555555555556,0.20697619020938873,0.3174017071723938,0.9663489505993337,13.712837837837839,11.993628571428571,1.1433435474651645
dog_walker,87,2.3589972222222224,0.20840522646903992,0.3094860315322876,0.9633039739193328,13.21061936936937,12.180546031746031,1.0845670904192295
fence_guard,11,8.68933611111111,0.0921483039855957,0.13676127791404724,0.9752636873990322,15.602218468468468,7.347398412698412,2.1235024415582573
fence_guard,15,7.720716666666666,0.09054825454950333,0.1452176570892334,0.977798054660437,14.900844594594595,8.084607936507936,1.8431128276863626
fence_guard,24,6.437913888888889,0.09288330376148224,0.14855360984802246,0.9779329133608828,13.952747747747749,8.98903015873016,1.5521972338912744
fence_guard,50,4.7553222222222225,0.09359704703092575,0.15447890758514404,0.9810514364343508,12.785968468468468,10.06795873015873,1.2699663170218036
girl_boat,13,5.0960527777777775,0.07986946403980255,0.1316915601491928,0.9679508118869382,10.351587837837839,4.750860317460318,2.178887011220178
girl_boat,31,3.2770083333333333,0.10577920079231262,0.17207472026348114,0.972957856370107,8.619988738738739,5.488277777777777,1.570618158876687
girl_boat,66,2.0578083333333335,0.10988574475049973,0.18017590045928955,0.9761370095764073,7.414538288288289,5.868274603174603,1.2634954547416593
girl_boat,86,1.1847611111111112,0.11047661304473877,0.1851826012134552,0.9752389614859084,6.794876126126126,5.962666666666666,1.1395700122079024
girl_car,12,4.194386111111111,0.07022221386432648,0.10195091366767883,0.9712919237929636,6.76759009009009,2.4415936507936506,2.771792139894975
girl_car,22,3.022622222222222,0.0758710503578186,0.12094474583864212,0.9785912681322889,5.850900900900901,2.8185333333333333,2.0758672007541126
girl_car,27,2.725477777777778,0.0734340026974678,0.12153589725494385,0.9806433414499265,5.604132882882883,2.8754666666666666,1.9489472605771587
girl_car,63,1.740113888888889,0.08349235355854034,0.13328485190868378,0.982463865352763,4.745495495495495,3.351963492063492,1.4157360325463209
goalkeeper_boy,10,7.0937,0.10797872394323349,0.17535936832427979,0.9672667849364569,12.386644144144144,5.735995238095238,2.1594585821614523
goalkeeper_boy,16,5.715508333333333,0.11412567645311356,0.19153597950935364,0.9730908978437643,11.628490990990992,6.494912698412699,1.7903998915691515
goalkeeper_boy,20,5.152291666666667,0.12273156642913818,0.19789114594459534,0.9711915898416557,11.23230855855856,6.738901587301587,1.666786257826117
goalkeeper_boy,62,2.961375,0.1296563297510147,0.2150658220052719,0.9744266490767587,9.52606981981982,7.574253968253968,1.257690837902354
head_statue,14,3.961291666666667,0.08158522844314575,0.12900619208812714,0.9646055498108563,7.221655405405405,3.0025095238095236,2.405206494146373
head_statue,22,3.076372222222222,0.08728966861963272,0.14457562565803528,0.9736776402027194,6.5412387387387385,3.304611111111111,1.9794276902184098
head_statue,32,2.523747222222222,0.08905327320098877,0.15431617200374603,0.9767489653681963,6.035630630630631,3.4623920634920635,1.74319676106857
head_statue,85,1.0580333333333334,0.0934804379940033,0.1628834456205368,0.9788266737959971,4.669054054054054,3.8302761904761904,1.2189862615291889
hunter_boy,10,8.67746111111111,0.1152707114815712,0.17760932445526123,0.9557527773878156,15.086407657657658,6.422015873015873,2.3491700979821015
hunter_boy,16,7.210944444444444,0.14323820173740387,0.2147182673215866,0.9594093394539004,14.041137387387387,7.495587301587301,1.8732537988600433
hunter_boy,21,6.487566666666667,0.14945010840892792,0.22833140194416046,0.963323365812078,13.675472972972972,7.96338253968254,1.7172944919856163
hunter_boy,44,4.824005555555556,0.15869785845279694,0.2414063960313797,0.9660490606516373,12.47608108108108,9.116498412698412,1.3685167831216558
kid_bucket,10,4.602508333333334,0.06651344150304794,0.09568233788013458,0.9780988043402308,6.847240990990991,2.248088888888889,3.045805272571839
kid_bucket,22,3.048947222222222,0.07610516250133514,0.12098053097724915,0.9845224811586125,5.632364864864865,2.7412,2.0547077429092404
kid_bucket,30,2.662613888888889,0.07944732159376144,0.1269722729921341,0.983824309638611,5.261058558558559,2.898784126984127,1.8149190585055084
kid_bucket,32,2.589008333333333,0.07984050363302231,0.1285073161125183,0.9841127364821092,5.209268018018018,2.9351761904761906,1.7747718296839663
kid_rubble,14,5.319941666666667,0.09757019579410553,0.15302729606628418,0.9695162115631322,10.969707207207207,5.431166666666667,2.019769946396757
kid_rubble,19,4.542597222222223,0.10388219356536865,0.1615474969148636,0.9713315974622297,10.313828828828829,5.74645873015873,1.7948147395016865
kid_rubble,63,2.5016083333333334,0.11708691716194153,0.17725452780723572,0.9750856151972821,8.236092342342342,6.43428253968254,1.2800327451500788
kid_rubble,71,2.2338027777777776,0.11867939680814743,0.17895382642745972,0.9735706793178798,7.953547297297297,6.498773015873016,1.2238536840523317
laughing_bear,10,9.7634,0.14791245758533478,0.23137569427490234,0.9478275539747342,19.993423423423422,9.726015873015873,2.0556642806734127
laughing_bear,11,9.34325,0.15134944021701813,0.2425667941570282,0.9497777262257011,19.60132882882883,9.960879365079364,1.9678311633353154
laughing_bear,16,7.8200666666666665,0.181232288479805,0.2778300344944,0.9473495441000798,18.255484234234235,10.751385714285714,1.6979657059439217
laughing_bear,24,6.412766666666666,0.18484511971473694,0.30943432450294495,0.9551558499863224,17.03643018018018,11.42908888888889,1.4906201487977868
man_desert,10,6.591655555555556,0.06928803771734238,0.10370407998561859,0.9633689114686637,8.794132882882883,2.864326984126984,3.070226594803445
man_desert,11,6.3244694444444445,0.08081205189228058,0.11297864466905594,0.9634699119498179,8.857207207207207,3.052495238095238,2.901628509249114
man_desert,16,5.5745,0.10307387262582779,0.14437805116176605,0.9749463730565188,9.127927927927928,3.820261904761905,2.3893461117280204
man_desert,19,5.247194444444444,0.09816782921552658,0.15632586181163788,0.9731389982261283,9.180788288288289,4.180020634920635,2.19634999205223
man_door,10,6.431125,0.0776100903749466,0.12075784802436829,0.9724983689771663,10.021621621621621,3.7419857142857142,2.678156034471102
man_door,12,5.98325,0.08465058356523514,0.13435547053813934,0.9769601784529143,9.838333333333333,4.031246031746032,2.440519198246421
man_door,16,5.308355555555556,0.0924687534570694,0.14790895581245422,0.9756943815244791,9.52820945945946,4.517587301587302,2.109136763358068
man_door,22,4.644841666666666,0.10604861378669739,0.15882770717144012,0.9757368717351017,9.159076576576577,4.996071428571429,1.8332557305317951
man_weaving,10,9.780613888888888,0.1489686667919159,0.20876672863960266,0.9461515096967753,19.039650900900902,9.516673015873016,2.0006625077001545
man_weaving,26,6.635858333333333,0.14787647128105164,0.24869152903556824,0.9570921491385852,16.334617117117116,11.191068253968254,1.459611964329102
man_weaving,80,3.232441666666667,0.17896267771720886,0.2736639976501465,0.9623924409809081,13.592240990990991,12.45785873015873,1.0910575633744337
man_weaving,87,2.523963888888889,0.18828952312469482,0.2731795310974121,0.9644694014351697,13.122015765765767,12.550673015873016,1.0455228774719187
monk,11,5.483136111111111,0.07003749161958694,0.11208217591047287,0.9732131449331123,10.421295045045046,5.091425396825397,2.046832514042311
monk,18,4.596677777777778,0.07612841576337814,0.12291781604290009,0.9738694429574742,9.61581081081081,5.56785873015873,1.7270213338431726
monk,20,4.2405083333333335,0.07068648934364319,0.12235104292631149,0.9764076769039896,9.307995495495495,5.641034920634921,1.6500510325587905
monk,61,2.467863888888889,0.0806410014629364,0.1283448040485382,0.9754932040649679,7.8655405405405405,6.180474603174603,1.2726434530608912
mountain_chateau,11,6.940927777777778,0.08071377128362656,0.12048844248056412,0.9696215709549808,10.430698198198199,3.836,2.7191601142323982
mountain_chateau,42,4.232122222222222,0.10750757157802582,0.1738949567079544,0.977386337603109,9.143761261261261,6.0201095238095235,1.5188695861921084
mountain_chateau,43,4.196513888888889,0.10623466968536377,0.1731172800064087,0.9772636403531675,9.124448198198198,6.045115873015873,1.5093917783985429
mountain_chateau,68,3.3051166666666667,0.11126253008842468,0.17992204427719116,0.9765301442334361,8.596452702702702,6.667949206349206,1.289219884056089
satellite,11,9.82738611111111,0.11181627959012985,0.18158386647701263,0.9722784352450783,16.769425675675677,8.217373015873015,2.04072830128085
satellite,13,9.241636111111111,0.11515001952648163,0.19343288242816925,0.9766397521514653,16.640945945945948,8.720853968253968,1.9081784887719868
satellite,17,8.429588888888889,0.12735672295093536,0.20000846683979034,0.9703428662702103,16.315484234234233,9.479342857142857,1.7211619497377393
satellite,82,2.9576555555555557,0.14183104038238525,0.23655876517295837,0.9757646408002666,14.104279279279279,12.998319047619047,1.0850848657897598
seal_ice,11,5.478402777777778,0.09170357882976532,0.13233983516693115,0.9613363883658184,9.295202702702703,3.2937142857142856,2.8221035270167922
seal_ice,24,3.8017777777777777,0.10992778092622757,0.16653303802013397,0.9693876585880048,7.848400900900901,4.111979365079365,1.9086673847517013
seal_ice,60,2.518511111111111,0.12301221489906311,0.18853618204593658,0.9671511476278999,6.594436936936937,4.703349206349206,1.4020725758643409
seal_ice,85,1.6553666666666667,0.12778706848621368,0.19794251024723053,0.9728348231490785,5.762646396396397,5.011374603174604,1.149913317744143
seals_cliff,11,5.972194444444445,0.08176933228969574,0.1333567500114441,0.9753012245896134,10.093220720720721,4.527834920634921,2.2291494494907864
seals_cliff,17,4.954813888888889,0.09038659185171127,0.14360091090202332,0.9777587453614196,9.528502252252252,4.980492063492063,1.9131648300568613
seals_cliff,24,4.339730555555556,0.09438013285398483,0.1486417055130005,0.9804348832522013,9.071914414414415,5.340673015873016,1.69864629185312
seals_cliff,54,3.160066666666667,0.0966804176568985,0.15830178558826447,0.9797702386984826,8.334481981981982,6.0178126984126985,1.3849686588249848
short_man,17,5.403772222222222,0.10158957540988922,0.15005548298358917,0.9634727231963613,9.690990990990992,4.702907936507937,2.0606380396603745
short_man,49,3.5782694444444445,0.11781911551952362,0.17430907487869263,0.9667637108329198,8.461475225225225,5.8644936507936505,1.4428313387428902
short_man,80,2.4454805555555557,0.12224136292934418,0.18965783715248108,0.969800374056242,7.66679054054054,6.441736507936508,1.190174502029619
short_man,84,2.194813888888889,0.1231023520231247,0.19264724850654602,0.9706662224913308,7.498941441441441,6.532446031746032,1.147953064594386
snow_fox,12,3.0253083333333333,0.07729510962963104,0.1635553240776062,0.9850574781199644,3.2459346846846846,0.5650333333333334,5.74467822195553
snow_fox,13,2.8813583333333335,0.08915995806455612,0.1663120537996292,0.9876236544244694,3.1635022522522522,0.5903031746031746,5.359114415018225
snow_fox,19,2.434011111111111,0.09740851819515228,0.19645482301712036,0.9887222568027496,2.916385135135135,0.7090936507936508,4.112834929302875
snow_fox,22,2.3322416666666665,0.0910264402627945,0.18579423427581787,0.9888929490645938,2.807297297297297,0.7479365079365079,3.7533898499468012
standing_bear,11,5.762763888888889,0.08325717598199844,0.11854203790426254,0.9673568866559998,10.405844594594594,3.8852555555555557,2.678290898963524
standing_bear,12,5.521122222222222,0.08001117408275604,0.12219727784395218,0.9692383810041444,10.12884009009009,3.98724126984127,2.540312813949875
standing_bear,18,4.483294444444445,0.08682500571012497,0.13817435503005981,0.9773629893162211,9.116306306306306,4.463584126984127,2.042373582967238
standing_bear,77,1.9083555555555556,0.09571682661771774,0.1603809893131256,0.9841149304044997,6.413851351351352,5.469322222222222,1.172695827883439
street_greeting,11,6.483011111111111,0.11440569907426834,0.1620417833328247,0.9571055311173515,10.976092342342342,4.283414285714286,2.562463401904971
street_greeting,15,5.670591666666667,0.1321919858455658,0.18552713096141815,0.9553668200849619,10.34588963963964,4.7557238095238095,2.175460572146514
street_greeting,21,4.936486111111111,0.1263541281223297,0.21226592361927032,0.9580234721111756,9.799132882882883,5.1924809523809525,1.8871774345917853
street_greeting,48,3.5541,0.1574680358171463,0.24451416730880737,0.9693129034063674,8.628063063063063,5.954836507936508,1.4489168680890354
swan_ice,10,4.283461111111111,0.06009138375520706,0.09932391345500946,0.9914392110329294,6.155518018018018,1.6773333333333333,3.669823937607918
swan_ice,13,3.6643694444444446,0.059326108545064926,0.09679605811834335,0.9900561311040232,5.858243243243243,1.877895238095238,3.119579369710836
swan_ice,20,2.8805277777777776,0.0662737712264061,0.11098160594701767,0.9915106425937771,5.299560810810811,2.12914126984127,2.489060207453219
swan_ice,44,1.9444944444444445,0.06911677122116089,0.13117127120494843,0.9922727778453769,4.49204954954955,2.5312238095238095,1.7746552211804805
tiger_leaves,23,5.778544444444444,0.1136816069483757,0.20380130410194397,0.973205007555993,14.275360360360361,9.582428571428572,1.4897434667995302
tiger_leaves,36,4.790705555555555,0.1185443252325058,0.21301546692848206,0.9735573958659279,13.408851351351352,9.97326507936508,1.344479590650131
tiger_leaves,78,2.832222222222222,0.1269005686044693,0.22265152633190155,0.9770740825602465,11.84338963963964,10.650542857142858,1.1119986838694966
tiger_leaves,86,2.212222222222222,0.12461964786052704,0.22561857104301453,0.9794781833041797,11.398490990990991,10.762214285714286,1.0591213562919144
tourist_shore,12,4.249702777777777,0.05899808555841446,0.09507634490728378,0.9796692185850858,6.706655405405406,2.323038095238095,2.8870191234273035
tourist_shore,30,2.6860305555555555,0.07377660274505615,0.1203186959028244,0.9838329767386357,5.661351351351351,2.9839904761904763,1.8972417628413618
tourist_shore,73,1.5841,0.07530593872070312,0.13040895760059357,0.9839353581977213,4.797432432432433,3.4516349206349206,1.3899014648827825
tourist_shore,82,1.2871333333333332,0.07692977041006088,0.13468767702579498,0.985801772871948,4.6164752252252255,3.5527126984126984,1.299422615086917
traffic_santa,10,6.820061111111111,0.09197042882442474,0.14407847821712494,0.9591688040990624,11.476317567567568,5.643004761904762,2.033724593861901
traffic_santa,14,5.913172222222222,0.0988881066441536,0.15399251878261566,0.9674064726534729,10.946385135135134,5.985417460317461,1.8288423836276109
traffic_santa,16,5.592913888888889,0.10349339246749878,0.1595076024532318,0.9723919902544242,10.822049549549549,6.1239888888888885,1.7671569537271465
traffic_santa,23,4.835419444444445,0.10888878256082535,0.16752399504184723,0.9679683217338538,10.397916666666667,6.544177777777778,1.588880531634323
two_bears,10,8.442922222222222,0.09926623106002808,0.13345248997211456,0.9639730010871023,15.913693693693693,6.724893650793651,2.366385926684988
two_bears,20,6.275119444444444,0.11315927654504776,0.16438773274421692,0.9715966294586804,13.700135135135135,7.895014285714286,1.7352894674203756
two_bears,28,5.441313888888889,0.11145619302988052,0.16595566272735596,0.9716475890071239,12.84376126126126,8.353161904761905,1.537592759208684
two_bears,72,3.3382277777777776,0.11895362287759781,0.17620491981506348,0.9743625830533417,10.897421171171171,9.182436507936508,1.1867679304671686
walking_bear,12,6.153988888888889,0.10502471774816513,0.14964376389980316,0.9731775819585974,10.12132882882883,3.5651968253968254,2.8389256819500934
walking_bear,22,4.78325,0.12520244717597961,0.19424279034137726,0.9758647534575542,9.223896396396396,4.64907619047619,1.984027797885936
walking_bear,23,4.696813888888889,0.1255546659231186,0.19615961611270905,0.9739966843911896,9.175686936936938,4.696487301587301,1.9537340032483042
walking_bear,39,3.790488888888889,0.13955973088741302,0.21912187337875366,0.9751759835096357,8.469617117117117,5.26620634920635,1.6082957171611654
wet_bear,10,6.253525,0.08137955516576767,0.13274617493152618,0.9706445343695431,10.354898648648648,4.775609523809524,2.1682883822516406
wet_bear,43,3.1103638888888887,0.0982401892542839,0.16175049543380737,0.9805304965742766,8.238378378378378,5.94646507936508,1.385424494791892
wet_bear,47,2.9797777777777776,0.10108586400747299,0.16010206937789917,0.9796802511225245,8.156666666666666,5.980526984126984,1.3638708910291764
wet_bear,72,2.2492944444444443,0.0982363149523735,0.16345825791358948,0.981043354612839,7.646396396396397,6.290749206349206,1.2154985273737715
white_hat,12,4.155566666666667,0.06795214861631393,0.10371372848749161,0.9676847704999605,6.92143018018018,2.945138095238095,2.3501207605065724
white_hat,19,3.3599944444444443,0.07395912706851959,0.1228993684053421,0.9732246937225227,6.271475225225225,3.1921539682539684,1.9646531112199475
white_hat,27,2.8339861111111113,0.08024565130472183,0.13206449151039124,0.9769660330997655,5.792984234234234,3.3397111111111113,1.734576447333851
white_hat,79,1.5161777777777778,0.08797092735767365,0.14910702407360077,0.9760662002057595,5.121351351351351,3.9845238095238096,1.2853107663979848
young_cowboy,11,8.583033333333333,0.15993337333202362,0.2251683622598648,0.9434121235497639,17.33963963963964,8.681963492063492,1.9972025516449656
young_cowboy,18,6.778022222222222,0.18463493883609772,0.28321582078933716,0.9535396230467517,15.479605855855857,9.548342857142858,1.621182448876389
young_cowboy,19,6.631083333333334,0.1850338727235794,0.2808544337749481,0.9508337328720483,15.319605855855857,9.583257142857143,1.5985802767770547
young_cowboy,68,3.632275,0.19582359492778778,0.31066668033599854,0.9635737805445536,11.800777027027028,10.580473015873016,1.1153354873002534
