alpha,beta,mean_cc,mean_jsd,mean_sim,mean_kl,mean_prior_cc
0.5,0.0,0.8487428128882033,0.2976516566478003,0.6947505223899705,1.4441186214229025,0.9999999999999994
1.0,0.0,0.8487428128882033,0.2976516566478003,0.6947505223899705,1.4441186214229025,0.9999999999999993
0.75,0.0,0.8487428128882033,0.2976516566478003,0.6947505223899705,1.4441186214229025,0.9999999999999998
1.25,0.0,0.8487428128882033,0.2976516566478003,0.6947505223899706,1.4441186214229025,0.9999999999999997
2.0,0.0,0.8487428128882033,0.2976516566478003,0.6947505223899705,1.4441186214229025,0.9999999999999997
1.75,0.0,0.8487428128882033,0.2976516566478003,0.6947505223899705,1.4441186214229025,0.9999999999999997
2.5,0.0,0.8487428128882033,0.2976516566478003,0.6947505223899705,1.4441186214229025,0.9999999999999998
2.25,0.0,0.8487428128882033,0.2976516566478003,0.6947505223899705,1.4441186214229025,0.9999999999999997
1.5,0.0,0.8487428128882033,0.2976516566478003,0.6947505223899705,1.4441186214229025,0.9999999999999997
2.5,0.1,0.8479526392756934,0.28587076502322406,0.70348874980299,0.5951562772587333,0.9995296602394607
2.25,0.1,0.8478181090359488,0.28511693139628874,0.704233718745057,0.5884292720405755,0.9994204800523165
2.0,0.1,0.8476371134265264,0.2842534574508607,0.7051112424141243,0.5809608935378829,0.9992683728575342
1.75,0.1,0.8473836336980849,0.2832576873129701,0.7061604343739635,0.5725909767826345,0.9990475039515857
1.5,0.1,0.8470097265897216,0.28210458271708605,0.7074257532396944,0.5631122211035028,0.9987092370989039
1.25,0.1,0.8464183583121467,0.2807746672890503,0.7089627157037499,0.552262339509696,0.9981529467044531
