sweep,alpha,beta,mean_cc,mean_jsd,mean_sim,mean_kl,mean_prior_cc
alpha,0.5,0.3,0.7804290364842004,0.29792585355588724,0.6916141225562809,0.52890809336996,0.9240944461942252
alpha,0.75,0.3,0.8131296023518649,0.2856508254045069,0.7064930203832838,0.5091664231252473,0.9615281982862903
alpha,1.0,0.3,0.8268125595335114,0.28053398696241655,0.7118686648136779,0.5051327934575578,0.9769740278954263
alpha,1.25,0.3,0.833785348488712,0.2783350194229497,0.71380289999813,0.5067245641872542,0.9847316131043164
alpha,1.5,0.3,0.837818889351686,0.2774847360128043,0.7142655719312787,0.5105668348225285,0.9891535446175315
alpha,1.75,0.3,0.8403661539795412,0.27730678694670935,0.714057700181798,0.5153103381472923,0.9919052126124605
alpha,2.0,0.3,0.8420813987933728,0.277478286932937,0.7135476219925534,0.520356936867915,0.9937311003497431
alpha,2.25,0.3,0.8432942541973596,0.27783358407965536,0.7128985696254037,0.5254258104281422,0.9950035294081546
alpha,2.5,0.3,0.8441854857134377,0.2782832068938366,0.7122001877108806,0.5303825685910429,0.9959251538919892
beta,1.0,0.0,0.8487428128882033,0.2976516566478003,0.6947505223899705,1.4441186214229025,0.9999999999999997
beta,1.0,0.05,0.8476371134265264,0.28425345745086067,0.7051112424141243,0.5809608935378829,0.999268372857534
beta,1.0,0.1,0.8453862738310723,0.27928648185452565,0.7108158417941516,0.5397460065569935,0.9971418194193685
beta,1.0,0.15,0.8420813987933728,0.2774782869329371,0.7135476219925534,0.5203569368679151,0.9937311003497431
beta,1.0,0.2,0.837818889351686,0.2774847360128043,0.7142655719312787,0.5105668348225285,0.9891535446175315
beta,1.0,0.25,0.8326968838627525,0.27863503972721587,0.713571535065471,0.5061606284069671,0.9835285156006661
beta,1.0,0.3,0.8268125595335114,0.28053398696241655,0.7118686648136779,0.5051327934575578,0.9769740278954263
beta,1.0,0.35,0.8202601600695537,0.28292899639803304,0.7094423375444643,0.506364001569261,0.9696043232963703
beta,1.0,0.4,0.813129602351865,0.2856508254045069,0.7064930203832838,0.5091664231252473,0.9615281982862903
beta,1.0,0.45,0.805505533552847,0.28858262413547137,0.7031440009809719,0.5130893382294951,0.9528479031559585
beta,1.0,0.5,0.797466736723632,0.29164210867606144,0.6994936057814886,0.5178235838715926,0.943658472252892
beta,1.0,0.55,0.7890858067449493,0.2947705835166775,0.6956287919984365,0.5231497669650114,0.9340473802684637
beta,1.0,0.6,0.7804290364842004,0.29792585355588724,0.6916141225562807,0.5289080933699601,0.9240944461942254
beta,1.0,0.65,0.7715564655463956,0.3010774840566082,0.6875005455703682,0.5349797841028354,0.9138719251470466
beta,1.0,0.7,0.7625220527540166,0.3042035444608079,0.6833318836973374,0.5412751119171754,0.903444740905701
beta,1.0,0.75,0.7533739399501896,0.3072883236868022,0.679151263328112,0.5477254187602989,0.892870820912685
beta,1.0,0.8,0.7441547799254835,0.3103206994401229,0.6749771706008657,0.5542776292364247,0.8822015022560439
beta,1.0,0.85,0.7349021057926725,0.3132929578382249,0.6708244489509759,0.5608903845933192,0.8714819827011997
beta,1.0,0.9,0.7256487232229494,0.3161999288999578,0.666712438017114,0.5675312603087335,0.8607517956670752
beta,1.0,0.95,0.7164231106762184,0.31903834706978607,0.6626530647467813,0.5741747267691392,0.8500452923261484
beta,1.0,1.0,0.7072498160936889,0.3218063742084409,0.6586581995803915,0.5808006307807944,0.8393921178059717
