content,level,raw_prior_cc,below_tau_083
arab_mountain,18,0.9931772927856557,0
arab_mountain,38,0.9963968351353766,0
arab_mountain,47,0.9923277514820519,0
arab_mountain,64,0.9943698193919599,0
bear_fish,19,0.9870312399064377,0
bear_fish,25,0.9866542395890902,0
bear_fish,32,0.9894385094588638,0
bear_fish,64,0.9874679855069555,0
bird_bushes,18,0.9891199564154622,0
bird_bushes,21,0.985706335279667,0
bird_bushes,42,0.9898902070787864,0
bird_bushes,64,0.9872181577737968,0
cat_fence,10,0.9735434708278715,0
cat_fence,11,0.9732389370423027,0
cat_fence,72,0.9883675748400241,0
cat_fence,87,0.9879615950185813,0
climber_mountains,10,0.9447736163900539,0
climber_mountains,11,0.9369131787740574,0
climber_mountains,26,0.9580049302758146,0
climber_mountains,34,0.975355256715142,0
climber_sunglasses,11,0.9855184555419718,0
climber_sunglasses,21,0.9880654913560454,0
climber_sunglasses,35,0.9901717370220481,0
climber_sunglasses,47,0.9955831297166161,0
cycler_hill,11,0.957936485941757,0
cycler_hill,24,0.961080178787848,0
cycler_hill,60,0.9792607062845391,0
cycler_hill,71,0.9718435851169607,0
cycler_ice,14,0.9324330494842511,0
cycler_ice,15,0.9435608599094458,0
cycler_ice,30,0.9535841692143883,0
cycler_ice,40,0.9348154041840608,0
dog,29,0.9712783312533798,0
dog,33,0.9833764812995521,0
dog,67,0.9812785479596217,0
dog,90,0.9792753788233906,0
dog_walker,22,0.9873462992811479,0
dog_walker,27,0.9884747751680861,0
dog_walker,77,0.9873285529439039,0
dog_walker,87,0.9901445110152964,0
fence_guard,11,0.963321078490395,0
fence_guard,15,0.9721157965596923,0
fence_guard,24,0.9607352072835158,0
fence_guard,50,0.9769802009071746,0
girl_boat,13,0.9752090619165092,0
girl_boat,31,0.9883287754119323,0
girl_boat,66,0.9864595695090265,0
girl_boat,86,0.9833506476291892,0
girl_car,12,0.9439762348494094,0
girl_car,22,0.9564538888522728,0
girl_car,27,0.9527660878197415,0
girl_car,63,0.9375619256756645,0
goalkeeper_boy,10,0.9865864898786277,0
goalkeeper_boy,16,0.9865371179418039,0
goalkeeper_boy,20,0.9863481656734902,0
goalkeeper_boy,62,0.9864316219782586,0
head_statue,14,0.9509149539171071,0
head_statue,22,0.963628124448731,0
head_statue,32,0.9824259786172589,0
head_statue,85,0.9722814281267831,0
hunter_boy,10,0.9847162474845402,0
hunter_boy,16,0.9938468460825419,0
hunter_boy,21,0.9935075562326053,0
hunter_boy,44,0.9877538781168735,0
kid_bucket,10,0.9709656010908528,0
kid_bucket,22,0.9814292144207052,0
kid_bucket,30,0.9815080860305037,0
kid_bucket,32,0.9816622748657465,0
kid_rubble,14,0.96142574097376,0
kid_rubble,19,0.9735690106087709,0
kid_rubble,63,0.9802103249976603,0
kid_rubble,71,0.9700534916325172,0
laughing_bear,10,0.9931073377006857,0
laughing_bear,11,0.9913176228887687,0
laughing_bear,16,0.991323245092264,0
laughing_bear,24,0.9935497560198219,0
man_desert,10,0.9742085633517047,0
man_desert,11,0.9736623917294124,0
man_desert,16,0.9834919344614936,0
man_desert,19,0.9850039209496999,0
man_door,10,0.9631273927522334,0
man_door,12,0.9801598420011095,0
man_door,16,0.9726029159616123,0
man_door,22,0.9811639070780337,0
man_weaving,10,0.9717716225688509,0
man_weaving,26,0.9816758626856773,0
man_weaving,80,0.9762864742783097,0
man_weaving,87,0.9809066959509645,0
monk,11,0.97231877096157,0
monk,18,0.9694675942339918,0
monk,20,0.9609710168812723,0
monk,61,0.9541800703214854,0
mountain_chateau,11,0.9796624893482178,0
mountain_chateau,42,0.9886191497026632,0
mountain_chateau,43,0.9859810569366347,0
mountain_chateau,68,0.9880264620334578,0
satellite,11,0.9794121593389581,0
satellite,13,0.9741321953893731,0
satellite,17,0.9796777915889066,0
satellite,82,0.9691249881982672,0
seal_ice,11,0.9774066136675468,0
seal_ice,24,0.9785129503766495,0
seal_ice,60,0.9874925758454828,0
seal_ice,85,0.9863068155184396,0
seals_cliff,11,0.964022781487851,0
seals_cliff,17,0.9677697299341209,0
seals_cliff,24,0.9795620906170401,0
seals_cliff,54,0.9787335862389968,0
short_man,17,0.9774071885231452,0
short_man,49,0.974600516264411,0
short_man,80,0.9821200843537008,0
short_man,84,0.982916596035281,0
snow_fox,12,0.9838256366912066,0
snow_fox,13,0.9869229540359374,0
snow_fox,19,0.99040773059091,0
snow_fox,22,0.984849455695138,0
standing_bear,11,0.9748346088817724,0
standing_bear,12,0.9725911292045011,0
standing_bear,18,0.9710704752964917,0
standing_bear,77,0.9619879931033243,0
street_greeting,11,0.9849101579210362,0
street_greeting,15,0.9889530307304064,0
street_greeting,21,0.9848224295713258,0
street_greeting,48,0.9911126922961758,0
swan_ice,10,0.9582298454707483,0
swan_ice,13,0.9376636994138474,0
swan_ice,20,0.9681104587653396,0
swan_ice,44,0.9735505543788286,0
tiger_leaves,23,0.9872682502933656,0
tiger_leaves,36,0.983774715436484,0
tiger_leaves,78,0.9827899731048754,0
tiger_leaves,86,0.9859994083596078,0
tourist_shore,12,0.972487192978044,0
tourist_shore,30,0.9759108630494119,0
tourist_shore,73,0.9761928636203764,0
tourist_shore,82,0.983331418926711,0
traffic_santa,10,0.969133575849254,0
traffic_santa,14,0.9593957681568417,0
traffic_santa,16,0.9619513765336629,0
traffic_santa,23,0.9694868189981388,0
two_bears,10,0.9785516834349296,0
two_bears,20,0.9855503371606551,0
two_bears,28,0.9787011394921861,0
two_bears,72,0.9850291078642222,0
walking_bear,12,0.9546727078236409,0
walking_bear,22,0.9714699445995818,0
walking_bear,23,0.9657729210644473,0
walking_bear,39,0.9730804600986437,0
wet_bear,10,0.9793594908838222,0
wet_bear,43,0.9778886615388391,0
wet_bear,47,0.9810345993589764,0
wet_bear,72,0.978240194259501,0
white_hat,12,0.9603833914083663,0
white_hat,19,0.9725589388429213,0
white_hat,27,0.9636543337289499,0
white_hat,79,0.973963176040297,0
young_cowboy,11,0.9871114842821932,0
young_cowboy,18,0.9900980202102116,0
young_cowboy,19,0.988233136312818,0
young_cowboy,68,0.9915714854832981,0
