tau,mean_cc,std_cc,mean_jsd,std_jsd
0.0,0.8265147,0.0732391,0.28106204,0.037135106
0.5,0.8265147,0.0732391,0.28106204,0.037135106
0.6,0.8265147,0.0732391,0.28106204,0.037135106
0.7,0.8265147,0.0732391,0.28106204,0.037135106
0.75,0.8265147,0.0732391,0.28106204,0.037135106
0.8,0.8265147,0.0732391,0.28106204,0.037135106
0.83,0.8265147,0.0732391,0.28106204,0.037135106
0.85,0.8265147,0.0732391,0.28106204,0.037135106
0.9,0.8265147,0.0732391,0.28106204,0.037135106
0.95,0.8271389,0.07221432,0.28086394,0.037069533
