content,freelook_cc,freelook_jsd,artifact_fr_cc,artifact_nr_cc,mixture_fr_cc,mixture_nr_cc,tas_fr_cc,tas_fr_jsd,tas_nr_cc,tas_nr_jsd,jsd_improvement
dog,0.8218058,0.29923046,-0.090008125,-0.09301579,0.6132896917476772,0.6496764634021064,0.7501282,0.2636841,0.79811126,0.24814709,0.05108337
short_man,0.84956425,0.30582818,0.2124713,0.21016282,0.6819032065063295,0.7058739128392416,0.7793178,0.2718299,0.82205755,0.2562287,0.0495995
street_greeting,0.8562316,0.34742242,0.020327989,0.016198106,0.7139650517945593,0.7467499340070158,0.8085968,0.3196936,0.8412372,0.3020445,0.04537791
laughing_bear,0.84018135,0.3013413,-0.06824719,-0.07018329,0.7381960530446018,0.7666300159233022,0.80968547,0.2770839,0.8313751,0.2564377,0.044903606
bear_fish,0.86787456,0.33054346,0.18010727,0.19252783,0.7905281229703729,0.8099004610152455,0.8530909,0.30256712,0.86917084,0.28579536,0.044748098
cat_fence,0.88564724,0.31185538,0.12352116,0.13015111,0.7267402480370461,0.7672839753692702,0.8319324,0.29293042,0.8737479,0.27032766,0.04152772
climber_sunglasses,0.8259337,0.2997471,0.045374803,0.042027645,0.7188743723262944,0.7367403903601596,0.7887178,0.26705405,0.8124223,0.2586271,0.041120023
tiger_leaves,0.86891097,0.27298337,0.3540451,0.3559284,0.8008418505175764,0.8123844025417786,0.8556052,0.25105536,0.87077755,0.23820949,0.034773886
arab_mountain,0.9000062,0.28147566,0.02013744,0.021920795,0.8126107771534771,0.8299360553340918,0.8698262,0.25874195,0.8887974,0.24696186,0.0345138
man_weaving,0.81728023,0.27093685,-0.037246425,-0.03335005,0.6195612540746798,0.6559832525831489,0.7503165,0.25138506,0.7969693,0.23759915,0.033337697
young_cowboy,0.84657973,0.29850858,-0.08753923,-0.081424065,0.7036807190197355,0.737215054511743,0.79795873,0.2913664,0.83067614,0.2660675,0.03244108
wet_bear,0.86483157,0.34699023,0.2216793,0.23655859,0.7578858095335085,0.7774454465984102,0.8412694,0.3295387,0.86517173,0.31472465,0.032265574
dog_walker,0.8300638,0.27866748,0.10225388,0.105316296,0.7375630184236002,0.7568543899191036,0.80554104,0.2584655,0.8249906,0.24645518,0.032212302
satellite,0.8109935,0.27915293,0.27331722,0.27063936,0.7086063218650802,0.7277409923966854,0.78815204,0.2643942,0.8124745,0.24758303,0.031569898
mountain_chateau,0.8758044,0.27473295,0.48532254,0.49354511,0.8162260409476103,0.8320507239846198,0.8628564,0.26182166,0.87890345,0.24752046,0.027212486
goalkeeper_boy,0.8797558,0.31501472,0.1957714,0.21042615,0.7641242768290296,0.7853342277085674,0.8413147,0.3092298,0.8679271,0.2894966,0.02551812
kid_rubble,0.8318778,0.3065896,0.07710837,0.08494557,0.6205582976662339,0.6595163630212796,0.75138104,0.30694893,0.80700326,0.2817341,0.024855494
fence_guard,0.85514736,0.2959542,0.040159415,0.03405178,0.5992855489400553,0.6361876807870706,0.7494898,0.30657738,0.8164112,0.2761489,0.019805312
bird_bushes,0.89087343,0.27375782,0.018096332,0.0105680125,0.7480019719579275,0.7751912386573754,0.84190035,0.27902725,0.87384444,0.25428843,0.01946938
two_bears,0.8641159,0.26713738,0.16433068,0.16282234,0.7161420349923665,0.7554030805134174,0.81523985,0.27580768,0.8532846,0.2487419,0.018395483
tourist_shore,0.87999064,0.31333646,0.36467853,0.36956084,0.7479324895824457,0.7651574424653688,0.8287881,0.31292498,0.8628849,0.29497162,0.018364847
walking_bear,0.7845135,0.27899495,-0.09658257,-0.09988521,0.48887181960872395,0.5355951983326449,0.6636692,0.28809163,0.74046725,0.26125094,0.017744005
snow_fox,0.9014401,0.31741625,0.32963392,0.33722442,0.8160045511457923,0.8209411061065756,0.8748677,0.31343877,0.89249027,0.30138877,0.01602748
cycler_hill,0.8273223,0.28177157,-0.016234826,-0.0113535635,0.5589252901878439,0.6110300120696723,0.7212935,0.2964122,0.7935413,0.26592177,0.015849799
seal_ice,0.8931792,0.29079324,0.07951444,0.08816208,0.711405430404497,0.7519222640075243,0.8254957,0.3073389,0.87152326,0.27687314,0.013920099
girl_boat,0.9128324,0.28498298,0.27864468,0.2884989,0.7859557153511374,0.809342800197191,0.86808485,0.29200715,0.8996081,0.27145085,0.013532132
kid_bucket,0.9245522,0.2940182,0.18490338,0.19523782,0.747843082213031,0.7854391779701293,0.8607794,0.3206362,0.9062677,0.2854433,0.008574903
hunter_boy,0.8812832,0.31772277,-0.0160135,-0.008643145,0.7710773206655057,0.7993766638473073,0.84964144,0.34041813,0.8735951,0.31103462,0.006688148
head_statue,0.7963557,0.34200317,0.021354448,0.041061215,0.5472075787702138,0.585493076273347,0.68792737,0.36284268,0.7541902,0.33634102,0.005662143
cycler_ice,0.6601078,0.30586714,0.19961986,0.20660806,0.4426343824545303,0.4646143027213672,0.543724,0.32536107,0.6079838,0.3005013,0.0053658485
seals_cliff,0.7708287,0.33135405,0.09704243,0.10319656,0.5726266398226705,0.5979268564140953,0.6875688,0.35240567,0.73746884,0.3269273,0.0044267476
girl_car,0.7506922,0.28581047,0.28592464,0.29201952,0.5552305190443294,0.5783885917047488,0.6549597,0.31957245,0.7133017,0.29177555,-0.005965084
man_desert,0.8964384,0.30972335,0.2429671,0.24987583,0.7297593403857202,0.7667454476796822,0.832598,0.35477608,0.87733173,0.31778747,-0.008064121
traffic_santa,0.79359907,0.3182314,0.039324626,0.056012068,0.5228733136363914,0.5614708967983435,0.66997546,0.35813037,0.74215347,0.32971293,-0.0114815235
climber_mountains,0.81680834,0.27348256,0.21836078,0.21808718,0.5653064399940545,0.5936884511981537,0.68772984,0.31963184,0.7608985,0.28738523,-0.013902664
white_hat,0.9102875,0.2911174,0.08376368,0.09886465,0.6622653447888176,0.7043885425268039,0.8145422,0.3401793,0.87931526,0.3065289,-0.015411496
monk,0.8895653,0.27464247,0.06261714,0.073398925,0.6301696365691711,0.6723079836084542,0.7887566,0.3257602,0.8567697,0.29038295,-0.015740484
man_door,0.85756856,0.28793788,-0.051806424,-0.043716867,0.5944530350063275,0.6468272601093477,0.75419617,0.3538896,0.82237047,0.30836615,-0.02042827
standing_bear,0.8510106,0.27494848,-0.11400442,-0.10887061,0.538427448103072,0.6015786413730301,0.7268913,0.34612453,0.8085863,0.29725337,-0.022304893
swan_ice,0.86677504,0.28118625,0.110122524,0.12275179,0.6052110033767809,0.6404760890369131,0.7581586,0.34379682,0.8244886,0.30804488,-0.026858628
