alpha,beta,mean_cc,mean_jsd
0.5,0.0,0.8145965413421685,0.2972622492065088
0.5,0.05,0.8097734830210139,0.28156374548186797
0.5,0.1,0.8003400236892133,0.2806293103741069
0.5,0.15,0.787397983434131,0.2840778473896994
0.5,0.2,0.7719141561109157,0.289369385428487
0.5,0.25,0.7546780780041488,0.2954163100931596
0.5,0.3,0.7363156441471647,0.3016910881953948
0.5,0.35,0.7173157945181127,0.30792522221846885
0.5,0.4,0.6980555662491111,0.3139812877076197
0.5,0.45,0.6788210870954692,0.31979171984882165
0.5,0.5,0.6598251381477198,0.3253273266222688
0.5,0.55,0.6412219859971497,0.330580278695683
0.5,0.6,0.6231198542400063,0.3355545973515262
0.5,0.65,0.6055912510628337,0.3402607059391124
0.5,0.7,0.5886813610543472,0.3447122611129655
0.5,0.75,0.5724147422359821,0.34892429791680457
0.5,0.8,0.5568005895649029,0.3529121478187075
0.5,0.85,0.5418368215281835,0.3566908184295487
0.5,0.9,0.5275132227644539,0.3602746517218738
0.5,0.95,0.5138138424548315,0.36367715095917413
0.5,1.0,0.5007188130628953,0.36691090957021705
0.6,0.0,0.8145965413421685,0.2972622492065088
0.6,0.05,0.810928134604356,0.28253506071178036
0.6,0.1,0.8039269132604382,0.2802476195524437
0.6,0.15,0.7942430629781108,0.28201736806158095
0.6,0.2,0.7824765054118823,0.28570758906009075
0.6,0.25,0.7691443698001827,0.29034361382724594
0.6,0.3,0.7546780780041487,0.2954163100931596
0.6,0.35,0.7394320101948227,0.3006429393786171
0.6,0.4,0.7236945721320842,0.3058620296145003
0.6,0.45,0.7076984344834651,0.3109809094950018
0.6,0.5,0.6916293483637569,0.3159474159074575
0.6,0.55,0.675633713166044,0.32073381713089655
0.6,0.6,0.6598251381477197,0.3253273266222688
0.6,0.65,0.644290148663156,0.3297243460620608
0.6,0.7,0.6290931183712266,0.3339268968865705
0.6,0.75,0.6142804832716229,0.3379403736305743
0.6,0.8,0.5998842941181736,0.341772114366756
0.6,0.85,0.5859251724424156,0.34543048585778946
0.6,0.9,0.572414742235982,0.3489242979168045
0.6,0.95,0.5593576110889452,0.3522624308764105
0.6,1.0,0.5467529715582707,0.3554536022592809
0.7,0.0,0.8145965413421685,0.29726224920650873
0.7,0.05,0.8116715238181861,0.28345340454341983
0.7,0.1,0.8062289773110758,0.2803391550734231
0.7,0.15,0.7986815610006772,0.2809394915467366
0.7,0.2,0.7894231064592581,0.2834357363242079
0.7,0.25,0.7788066563294851,0.2869637883728976
0.7,0.3,0.7671381463594427,0.2910499351039305
0.7,0.35,0.7546780780041487,0.2954163100931596
0.7,0.4,0.7416461825515084,0.29989389176896103
0.7,0.45,0.7282266064645815,0.3043779738733139
0.7,0.5,0.7145727051228196,0.30880341815991136
0.7,0.55,0.7008112552661714,0.313130118460737
0.7,0.6,0.6870461410115596,0.31733411626737096
0.7,0.65,0.6733616058125232,0.32140200558718235
0.7,0.7,0.6598251381477198,0.3253273266222688
0.7,0.75,0.6464900306439567,0.32910819858497814
0.7,0.8,0.633397636145921,0.33274574351868885
0.7,0.85,0.6205793388975385,0.3362430252642342
0.7,0.9,0.6080582596893935,0.3396043295673034
0.7,0.95,0.5958507165331838,0.3428346732827476
0.7,1.0,0.5839674648366336,0.34593946924242175
0.8,0.0,0.8145965413421685,0.2972622492065088
0.8,0.05,0.8121832440993118,0.28428797375276305
0.8,0.1,0.8078029993235963,0.2806596195508789
0.8,0.15,0.8017327550672648,0.28042556672505187
0.8,0.2,0.7942430629781108,0.28201736806158095
0.8,0.25,0.7855836127653759,0.2846690363362028
0.8,0.3,0.7759772381232708,0.2879463173439738
0.8,0.35,0.765619049457127,0.2915846830778389
0.8,0.4,0.7546780780041489,0.2954163100931596
0.8,0.45,0.7432998327648305,0.2993321473246066
0.8,0.5,0.7316089743180616,0.3032604206596904
0.8,0.55,0.719711795198519,0.3071537197191435
0.8,0.6,0.707698434483465,0.31098090949500184
0.8,0.65,0.6956448449469039,0.3147219027735071
0.8,0.7,0.6836145511023781,0.3183641981449484
0.8,0.75,0.6716602303247312,0.3219005423170876
0.8,0.8,0.6598251381477198,0.3253273266222687
0.8,0.85,0.6481443904272666,0.328643473010734
0.8,0.9,0.6366461106650675,0.3318496521040584
0.8,0.95,0.625352449443738,0.3349477298605216
0.8,1.0,0.6142804832716229,0.33794037363057433
0.9,0.0,0.8145965413421685,0.29726224920650884
0.9,0.05,0.8125535170278573,0.285036617489728
0.9,0.1,0.8089322269750934,0.2810885923514316
0.9,0.15,0.8039269132604382,0.2802476195524437
0.9,0.2,0.7977304864076245,0.2811440390423362
0.9,0.25,0.7905249393078043,0.28309603716246584
0.9,0.3,0.7824765054118824,0.2857075890600907
0.9,0.35,0.7737340471319631,0.28873072282104
0.9,0.4,0.7644293107757669,0.29200327899098116
0.9,0.45,0.7546780780041488,0.2954163100931596
0.9,0.5,0.7445816327282884,0.2988953744525612
0.9,0.55,0.7342282480765251,0.3023891238766715
0.9,0.6,0.7236945721320842,0.3058620296145003
0.9,0.65,0.713046880981384,0.309289591666167
0.9,0.7,0.702342205428138,0.31265510247183875
0.9,0.75,0.691629348363757,0.3159474159074575
0.9,0.8,0.6809498087880146,0.3191593837243175
0.9,0.85,0.6703386240990131,0.32228674472905416
0.9,0.9,0.6598251381477198,0.3253273266222688
0.9,0.95,0.6494336998103363,0.32828046706819847
0.9,1.0,0.6391842954647933,0.33114659050939377
1.0,0.0,0.8145965413421686,0.29726224920650884
1.0,0.05,0.8128319855900976,0.28570624661990734
1.0,0.1,0.8097734830210139,0.281563745481868
1.0,0.15,0.8055622041160225,0.28027464659498397
1.0,0.2,0.8003400236892135,0.2806293103741069
1.0,0.25,0.7942430629781106,0.282017368061581
1.0,0.3,0.7873979834341309,0.2840778473896993
1.0,0.35,0.779920323103209,0.28657998418435526
1.0,0.4,0.7719141561109157,0.289369385428487
1.0,0.45,0.7634725000188973,0.2923397132465472
1.0,0.5,0.7546780780041489,0.2954163100931596
1.0,0.55,0.745604200569436,0.2985461030799919
1.0,0.6,0.7363156441471647,0.30169108819539475
1.0,0.65,0.7268694737424969,0.3048239788774081
1.0,0.7,0.7173157945181126,0.30792522221846885
1.0,0.75,0.707698434483465,0.3109809094950018
1.0,0.8,0.698055566249111,0.31398128770761974
1.0,0.85,0.6884202761203533,0.31691968411227933
1.0,0.9,0.6788210870954692,0.3197917198488216
1.0,0.95,0.6692824403410987,0.3225947291368574
1.0,1.0,0.6598251381477198,0.3253273266222688
1.1,0.0,0.8145965413421685,0.2972622492065088
1.1,0.05,0.8130479426129569,0.2863060275955427
1.1,0.1,0.8104195110368995,0.2820518624069589
1.1,0.15,0.8068168959834356,0.2804281684625128
1.1,0.2,0.8023471949269082,0.2803559047401401
1.1,0.25,0.797114516412094,0.2812852844866262
1.1,0.3,0.7912171937266654,0.282886695925891
1.1,0.35,0.7847463070922316,0.284946016432746
1.1,0.4,0.7777851279222177,0.28731742149214506
1.1,0.45,0.770409145300714,0.28989852580435854
1.1,0.5,0.7626864178129641,0.2926159413043154
1.1,0.55,0.7546780780041487,0.2954163100931596
1.1,0.6,0.7464388852309352,0.2982604651520877
1.1,0.65,0.7380177711509781,0.3011194902239229
1.1,0.7,0.7294583527345406,0.30397198719940266
1.1,0.75,0.7207994049752237,0.3068021392051672
1.1,0.8,0.7120752939493917,0.3095983131725329
1.1,0.85,0.7033163741295914,0.31235203673663914
1.1,0.9,0.6945493543915434,0.3150572399037693
1.1,0.95,0.6857976365130105,0.31770968704457225
1.1,1.0,0.6770816290022937,0.32030654760561406
1.2,0.0,0.8145965413421685,0.29726224920650884
1.2,0.05,0.8132196577621255,0.2868449842440962
1.2,0.1,0.810928134604356,0.28253506071178036
1.2,0.15,0.8078029993235962,0.2806596195508789
1.2,0.2,0.8039269132604382,0.2802476195524437
1.2,0.25,0.7993810612480214,0.2808008213707146
1.2,0.3,0.7942430629781108,0.282017368061581
1.2,0.35,0.788585736962178,0.2836986775629468
1.2,0.4,0.7824765054118823,0.28570758906009075
1.2,0.45,0.7759772381232709,0.28794631734397386
1.2,0.5,0.7691443698001827,0.2903436138272459
1.2,0.55,0.7620291691150565,0.2928467581342893
1.2,0.6,0.7546780780041489,0.2954163100931596
1.2,0.65,0.7471330714146904,0.2980225414123563
1.2,0.7,0.7394320101948227,0.3006429393786171
1.2,0.75,0.7316089743180616,0.3032604206596904
1.2,0.8,0.7236945721320842,0.3058620296145003
1.2,0.85,0.7157162257369895,0.3084379752318684
1.2,0.9,0.707698434483465,0.3109809094950018
1.2,0.95,0.6996630190523307,0.3134853807710477
1.2,1.0,0.6916293483637569,0.3159474159074575
1.3,0.0,0.8145965413421685,0.2972622492065088
1.3,0.05,0.8133590504699848,0.28733121854533195
1.3,0.1,0.811337001061632,0.28300384015544705
1.3,0.15,0.8085938417856326,0.28093817916772684
1.3,0.2,0.8051946053561277,0.2802536017540068
1.3,0.25,0.80120368561161,0.280495967447686
1.3,0.3,0.7966832654601091,0.2813878858996699
1.3,0.35,0.7916923106174014,0.28274502563462384
1.3,0.4,0.7862860109589165,0.28443861173256285
1.3,0.45,0.7805155482927281,0.2863756930636422
1.3,0.5,0.7744280841521107,0.28848763890180323
1.3,0.55,0.7680668835812738,0.2907229433302609
1.3,0.6,0.7614715139663659,0.2930424892553688
1.3,0.65,0.7546780780041489,0.2954163100931596
1.3,0.7,0.7477194554758891,0.2978213093212376
1.3,0.75,0.7406255395923937,0.3002396166535072
1.3,0.8,0.733423460984345,0.3026573805134771
1.3,0.85,0.7261377968406747,0.30506386706746247
1.3,0.9,0.7187907651172478,0.3074507791424269
1.3,0.95,0.7114024048625806,0.30981173560827563
1.3,1.0,0.7039907440660104,0.3121418695946873
1.4,0.0,0.8145965413421685,0.2972622492065088
1.4,0.05,0.813474192863044,0.28777174101295194
1.4,0.1,0.8116715238181863,0.28345340454341983
1.4,0.15,0.8092391117027123,0.2812439114788685
1.4,0.2,0.8062289773110759,0.2803391550734231
1.4,0.25,0.8026929670789473,0.28032295800987217
1.4,0.3,0.7986815610006772,0.2809394915467366
1.4,0.35,0.7942430629781108,0.282017368061581
1.4,0.4,0.7894231064592582,0.28343573632420793
1.4,0.45,0.784264401738422,0.2851064707618721
1.4,0.5,0.7788066563294851,0.28696378837289765
1.4,0.55,0.7730866109098409,0.28895774374813665
1.4,0.6,0.7671381463594427,0.2910499351039305
1.4,0.65,0.7609924298042877,0.29321055624073356
1.4,0.7,0.7546780780041488,0.2954163100931596
1.4,0.75,0.7482213244785253,0.2976488960646965
1.4,0.8,0.7416461825515084,0.2998938917689611
1.4,0.85,0.7349746003811853,0.3021399129557619
1.4,0.9,0.7282266064645815,0.3043779738733139
1.4,0.95,0.7214204454930964,0.30660099464972707
1.4,1.0,0.7145727051228196,0.30880341815991136
1.5,0.0,0.8145965413421685,0.29726224920650884
1.5,0.05,0.8135707261472156,0.2881725244780723
1.5,0.1,0.8119493915315161,0.2838816406416984
1.5,0.15,0.8097734830210139,0.281563745481868
1.5,0.2,0.8070852229203798,0.28048016644157603
1.5,0.25,0.803926913260438,0.2802476195524437
1.5,0.3,0.8003400236892133,0.2806293103741069
1.5,0.35,0.7963645425005693,0.28146555364437853
1.5,0.4,0.7920385520752107,0.2826428815852224
1.5,0.45,0.7873979834341309,0.2840778473896993
1.5,0.5,0.7824765054118824,0.28570758906009075
1.5,0.55,0.777305509184034,0.287483913723715
1.5,0.6,0.7719141561109155,0.289369385428487
1.5,0.65,0.7663294643952631,0.2913346314500979
1.5,0.7,0.7605764168846989,0.2933564286875233
1.5,0.75,0.7546780780041488,0.2954163100931596
1.5,0.8,0.7486557121631215,0.29749952923613
1.5,0.85,0.7425288991449837,0.29959427813699335
1.5,0.9,0.7363156441471647,0.30169108819539475
1.5,0.95,0.7300324815273431,0.3037823659392134
1.5,1.0,0.7236945721320842,0.3058620296145003
1.6,0.0,0.8145965413421685,0.2972622492065088
1.6,0.05,0.813652699916185,0.28853862915966594
1.6,0.1,0.8121832440993119,0.28428797375276305
1.6,0.15,0.8102217731422862,0.2818890407742283
1.6,0.2,0.8078029993235963,0.2806596195508789
1.6,0.25,0.8049618484123849,0.28024510939292746
1.6,0.3,0.8017327550672647,0.28042556672505187
1.6,0.35,0.798149142383405,0.28105186737236953
1.6,0.4,0.7942430629781108,0.282017368061581
1.6,0.45,0.7900449733995413,0.283243079372264
1.6,0.5,0.785583612765376,0.2846690363362028
1.6,0.55,0.7808859587706046,0.28624888831295464
1.6,0.6,0.7759772381232708,0.28794631734397386
1.6,0.65,0.7708809729918336,0.2897325671890223
1.6,0.7,0.765619049457127,0.2915846830778389
1.6,0.75,0.7602117978458277,0.29348422539471475
1.6,0.8,0.7546780780041489,0.2954163100931596
1.6,0.85,0.7490353650278585,0.2973688805792993
1.6,0.9,0.7432998327648305,0.2993321473246066
1.6,0.95,0.7374864336579313,0.30129815134782784
1.6,1.0,0.7316089743180617,0.3032604206596904
1.7,0.0,0.8145965413421685,0.2972622492065088
1.7,0.05,0.8137230893775197,0.28887433931953155
1.7,0.1,0.8123823220479232,0.28467270443642356
1.7,0.15,0.8106021411889909,0.2822140717455864
1.7,0.2,0.8084114121825368,0.28086535426886095
1.7,0.25,0.8058392783841791,0.28029711767376914
1.7,0.3,0.8029146115475093,0.28030438736201246
1.7,0.35,0.7996655931894374,0.2807475698937813
1.7,0.4,0.7961194135796672,0.28152630105478893
1.7,0.45,0.7923020705780617,0.28256579167156326
1.7,0.5,0.7882382491298954,0.2838088909858995
1.7,0.55,0.7839512629674503,0.285211112836746
1.7,0.6,0.7794630421171479,0.2867373413102501
1.7,0.65,0.7747941524903597,0.28835955507349403
1.7,0.7,0.7699638366480615,0.29005520300512366
1.7,0.75,0.7649900674576627,0.2918060140516815
1.7,0.8,0.7598896086333999,0.293597106574457
1.7,0.85,0.7546780780041488,0.2954163100931596
1.7,0.9,0.7493700107880696,0.2972536411896257
1.7,0.95,0.7439789212156814,0.29910089350302765
1.7,1.0,0.7385173615931809,0.3009513135710543
1.8,0.0,0.8145965413421685,0.29726224920650884
1.8,0.05,0.8137841250370371,0.28918328940426935
1.8,0.1,0.8125535170278573,0.285036617489728
1.8,0.15,0.810928134604356,0.28253506071178036
1.8,0.2,0.8089322269750934,0.2810885923514316
1.8,0.25,0.8065903459586388,0.28038998798718184
1.8,0.3,0.8039269132604382,0.2802476195524437
1.8,0.35,0.8009658822570419,0.2805305034247341
1.8,0.4,0.7977304864076246,0.2811440390423362
1.8,0.45,0.7942430629781106,0.28201736806158095
1.8,0.5,0.7905249393078043,0.28309603716246584
1.8,0.55,0.7865963688733888,0.28433740308121985
1.8,0.6,0.7824765054118824,0.28570758906009075
1.8,0.65,0.7781834049212972,0.2871793808566993
1.8,0.7,0.7737340471319631,0.28873072282104006
1.8,0.75,0.7691443698001827,0.2903436138272459
1.8,0.8,0.764429310775767,0.29200327899098116
1.8,0.85,0.7596028541626703,0.2936975370775914
1.8,0.9,0.7546780780041488,0.2954163100931596
1.8,0.95,0.7496672017897434,0.29715123826190226
1.8,1.0,0.7445816327282883,0.2988953744525612
1.9,0.0,0.8145965413421685,0.2972622492065088
1.9,0.05,0.8138375091089618,0.2894685730029823
1.9,0.1,0.8127020603139566,0.2853807489340947
1.9,0.15,0.8112100354607902,0.2828495482682242
1.9,0.2,0.8093819932109039,0.28132294705141697
1.9,0.25,0.8072387968352386,0.28051342964530135
1.9,0.3,0.8048012703889972,0.2802413131631001
1.9,0.35,0.8020899240540258,0.2803834050944786
1.9,0.4,0.7991247439889235,0.28085039066397
1.9,0.45,0.7959250394214088,0.28157507461729536
1.9,0.5,0.7925093384117314,0.2825055664504164
1.9,0.55,0.7888953234286203,0.28360101641102736
1.9,0.6,0.7850997983119962,0.284828791929631
1.9,0.65,0.7811386790774126,0.28616252503042067
1.9,0.7,0.777027002123484,0.28758071534582025
1.9,0.75,0.7727789445695346,0.28906570307250423
1.9,0.8,0.7684078525645411,0.29060289700091124
1.9,0.85,0.7639262744034738,0.2921801835646507
1.9,0.9,0.759345996131622,0.29378746749100626
1.9,0.95,0.7546780780041487,0.2954163100931596
1.9,1.0,0.7499328907054659,0.2970596412758964
2.0,0.0,0.8145965413421685,0.2972622492065088
2.0,0.05,0.8138845612860921,0.2897328341247333
2.0,0.1,0.8128319855900976,0.2857062466199073
2.0,0.15,0.8114557679939075,0.28315597583111074
2.0,0.2,0.8097734830210139,0.28156374548186797
2.0,0.25,0.8078029993235963,0.2806596195508789
2.0,0.3,0.8055622041160225,0.28027464659498397
2.0,0.35,0.8030687788917332,0.2802926991913597
2.0,0.4,0.8003400236892133,0.2806293103741069
2.0,0.45,0.7973927252084212,0.2812206899340183
2.0,0.5,0.7942430629781108,0.282017368061581
2.0,0.55,0.7909065473766265,0.28298022220454044
2.0,0.6,0.7873979834341309,0.2840778473896993
2.0,0.65,0.7837314548205889,0.285284737645728
2.0,0.7,0.779920323103209,0.2865799841843553
2.0,0.75,0.7759772381232708,0.28794631734397375
2.0,0.8,0.7719141561109156,0.289369385428487
2.0,0.85,0.767742362872734,0.29083720164026594
2.0,0.9,0.7634725000188971,0.2923397132465472
2.0,0.95,0.7591145927307034,0.29386846149312246
2.0,1.0,0.7546780780041488,0.2954163100931596
2.1,0.0,0.8145965413421685,0.2972622492065088
2.1,0.05,0.8139263191988146,0.28997834256154464
2.1,0.1,0.8129464470712271,0.2860142872180929
2.1,0.15,0.8116715238181864,0.28345340454341983
2.1,0.2,0.8101166861150457,0.28180755734941915
2.1,0.25,0.8082973478232424,0.28082256576057985
2.1,0.3,0.8062289773110758,0.2803391550734231
2.1,0.35,0.8039269132604382,0.2802476195524437
2.1,0.4,0.801406217384295,0.2804679414396981
2.1,0.45,0.7986815610006773,0.2809394915467366
2.1,0.5,0.7957671415098472,0.2816150777102905
2.1,0.55,0.7926766244105401,0.28245722871181234
2.1,0.6,0.7894231064592582,0.28343573632420793
2.1,0.65,0.7860190958139656,0.2845259558155667
2.1,0.7,0.7824765054118823,0.28570758906009075
2.1,0.75,0.7788066563294851,0.28696378837289765
2.1,0.8,0.7750202883993291,0.2882804812109069
2.1,0.85,0.7711275758695035,0.28964585153721295
2.1,0.9,0.7671381463594427,0.2910499351039305
2.1,0.95,0.7630611017753685,0.2924842993351659
2.1,1.0,0.7589050401939119,0.29394178717993913
2.2,0.0,0.8145965413421685,0.2972622492065088
2.2,0.05,0.8139636090736143,0.2902070557207588
2.2,0.1,0.8130479426129567,0.28630602759554274
2.2,0.15,0.8118622011322338,0.2837413234685202
2.2,0.2,0.8104195110368995,0.2820518624069589
2.2,0.25,0.8087332560727779,0.2809976499897503
2.2,0.3,0.8068168959834358,0.2804281684625128
2.2,0.35,0.8046838143769687,0.28023956331487554
2.2,0.4,0.802347194926908,0.2803559047401401
2.2,0.45,0.7998199239162558,0.28071949660070095
2.2,0.5,0.797114516412094,0.2812852844866262
2.2,0.55,0.7942430629781108,0.282017368061581
2.2,0.6,0.7912171937266654,0.28288669592589094
2.2,0.65,0.7880480566105704,0.28386947235380866
2.2,0.7,0.7847463070922316,0.28494601643274603
2.2,0.75,0.7813221066478373,0.2860999215413007
2.2,0.8,0.7777851279222177,0.28731742149214506
2.2,0.85,0.7741445647123019,0.28858690318996216
2.2,0.9,0.7704091453007141,0.28989852580435854
2.2,0.95,0.7665871479718183,0.2912439190500032
2.2,1.0,0.7626864178129642,0.2926159413043154
2.3,0.0,0.8145965413421685,0.2972622492065088
2.3,0.05,0.8139970963490144,0.29042066926716364
2.3,0.1,0.8131384730343484,0.28658257732710973
2.3,0.15,0.812031718728214,0.28401951722156743
2.3,0.2,0.8106882879266296,0.2822948127188215
2.3,0.25,0.8091198717987108,0.28118129446415974
2.3,0.3,0.8073382494238904,0.28053639654300433
2.3,0.35,0.8053551614323403,0.280261609238366
2.3,0.4,0.8031822055953379,0.28028476402916985
2.3,0.45,0.8008307530676955,0.2805508865454948
2.3,0.5,0.7983118834105953,0.28101692583348664
2.3,0.55,0.7956363361899381,0.28164847072270704
2.3,0.6,0.7928144768114329,0.28241758130417144
2.3,0.65,0.7898562742737443,0.2833012908152205
2.3,0.7,0.7867712886516186,0.2842805330590132
2.3,0.75,0.7835686663228906,0.28533935203089106
2.3,0.8,0.7802571411944779,0.28646430556874924
2.3,0.85,0.7768450404376029,0.28764400647175126
2.3,0.9,0.7733402934931395,0.2888687635199225
2.3,0.95,0.7697504433419289,0.29013029667990603
2.3,1.0,0.7660826592444576,0.2914215084334281
2.4,0.0,0.8145965413421685,0.29726224920650884
2.4,0.05,0.8140273225378334,0.2906206586364216
2.4,0.1,0.8132196577621255,0.2868449842440962
2.4,0.15,0.8121832440993118,0.28428797375276305
2.4,0.2,0.8109281346043558,0.28253506071178036
2.4,0.25,0.8094645987052049,0.28137071645590644
2.4,0.3,0.8078029993235963,0.2806596195508789
2.4,0.35,0.8059536873483266,0.2803081546922859
2.4,0.4,0.8039269132604382,0.2802476195524437
2.4,0.45,0.8017327550672648,0.28042556672505187
2.4,0.5,0.7993810612480214,0.2808008213707146
2.4,0.55,0.7968814071302281,0.28134038068806855
2.4,0.6,0.7942430629781108,0.282017368061581
2.4,0.65,0.7914749720519824,0.2828096204966305
2.4,0.7,0.788585736962178,0.2836986775629468
2.4,0.75,0.7855836127653759,0.2846690363362028
2.4,0.8,0.7824765054118823,0.28570758906009075
2.4,0.85,0.7792719743309886,0.2868031901793219
2.4,0.9,0.7759772381232708,0.28794631734397375
2.4,0.95,0.77259918250365,0.2891288021786013
2.4,1.0,0.7691443698001827,0.29034361382724594
2.5,0.0,0.8145965413421685,0.2972622492065088
2.5,0.05,0.8140547324781112,0.29080831314817096
2.5,0.1,0.8132928200248365,0.2870942280038826
2.5,0.15,0.81231936156701,0.284546819609409
2.5,0.2,0.8111432269285167,0.28277163349865403
2.5,0.25,0.8097734830210139,0.281563745481868
2.5,0.3,0.8082192916846426,0.2807944548284605
2.5,0.35,0.8064898210931316,0.28037463927888834
2.5,0.4,0.8045941706716404,0.28023879615915637
2.5,0.45,0.8025413089842859,0.2803368260100468
2.5,0.5,0.8003400236892135,0.2806293103741069
2.5,0.55,0.7979988824221816,0.28108457634284767
2.5,0.6,0.7955262033392704,0.2816767613156945
2.5,0.65,0.7929300340062425,0.2823844776470402
2.5,0.7,0.7902181373466406,0.2831898572083188
2.5,0.75,0.7873979834341309,0.2840778473896993
2.5,0.8,0.7844767460201854,0.28503567966984017
2.5,0.85,0.7814613028121444,0.2860524602797196
2.5,0.9,0.7783582386478385,0.28711884950316363
2.5,0.95,0.7751738508430097,0.2882268067576711
2.5,1.0,0.7719141561109156,0.289369385428487
