content,level,cc,jsd,entropy_free,entropy_score,centroid_shift,dbg_free,dbg_score
arab_mountain,18,0.89973116,0.3057524,11.696905,12.202898,37.218059306796846,0.3969286382198334,0.4507373571395874
arab_mountain,38,0.9254842,0.28690282,11.628548,12.212128,40.46283206978765,0.3335498869419098,0.4724513292312622
arab_mountain,47,0.8750219,0.25289664,12.029828,12.282073,56.09587761320318,0.4855611324310303,0.48058968782424927
arab_mountain,64,0.8997876,0.28035083,11.925041,12.225786,37.85776420476675,0.4787985384464264,0.5073063969612122
bear_fish,19,0.8356136,0.3576905,11.474644,12.290133,40.35792547855173,0.24747899174690247,0.490879088640213
bear_fish,25,0.89023566,0.30297375,11.529907,12.233536,26.687385620110515,0.23835091292858124,0.5042918920516968
bear_fish,32,0.923422,0.32455203,11.355762,12.212617,23.032422168450548,0.1964997798204422,0.4174750745296478
bear_fish,64,0.82222694,0.33695748,11.603126,12.2978115,45.682453771790584,0.2558573782444,0.47882068157196045
bird_bushes,18,0.89317346,0.30764595,11.671232,12.213561,9.009980271816241,0.3509060740470886,0.44155532121658325
bird_bushes,21,0.9242737,0.23895513,11.944074,12.103964,9.701833644998647,0.3768928349018097,0.4486781656742096
bird_bushes,42,0.9025003,0.2588929,11.687542,12.151065,29.22116893460816,0.31569722294807434,0.40363600850105286
bird_bushes,64,0.84354615,0.2895373,11.8509865,12.210506,25.853075806145053,0.3455883860588074,0.4120537042617798
cat_fence,10,0.8368862,0.3316434,11.584036,11.82635,43.55001114471465,0.43013763427734375,0.36318451166152954
cat_fence,11,0.8846946,0.27934697,11.549645,12.003199,28.219197843552184,0.3331891894340515,0.42917028069496155
cat_fence,72,0.8878355,0.3340056,11.540169,12.246753,33.967525109398224,0.3172517418861389,0.48686397075653076
cat_fence,87,0.93317264,0.30242553,11.584384,12.223241,37.01569245243938,0.379061758518219,0.4852074980735779
climber_mountains,10,0.80044466,0.2796844,12.090555,12.238602,38.36300026860891,0.4659160077571869,0.5131889581680298
climber_mountains,11,0.81025946,0.26866692,12.2060995,12.17181,25.33134430166322,0.5099877119064331,0.4867752194404602
climber_mountains,26,0.81201434,0.268306,12.124358,12.256794,47.725532942329686,0.5074301958084106,0.5411770939826965
climber_mountains,34,0.844515,0.2772729,11.829604,12.322604,20.093436363081523,0.334358274936676,0.5521865487098694
climber_sunglasses,11,0.74462163,0.3060487,11.955185,12.129241,49.697515740161286,0.4173603951931,0.43644335865974426
climber_sunglasses,21,0.8896736,0.24749985,12.050134,12.211672,17.309083929351313,0.45179885625839233,0.48323875665664673
climber_sunglasses,35,0.7985274,0.3238045,12.044235,12.237653,32.666563688634135,0.5058475136756897,0.5370796918869019
climber_sunglasses,47,0.87091213,0.32163534,11.644428,12.257211,51.44048136861482,0.37221860885620117,0.48520052433013916
cycler_hill,11,0.8605366,0.22208773,12.094991,12.219466,9.931537006148451,0.4117668569087982,0.45825132727622986
cycler_hill,24,0.756718,0.30262384,12.120453,12.364159,38.898715529737615,0.5194849967956543,0.5019130706787109
cycler_hill,60,0.8469894,0.31965747,11.86209,12.440794,54.29852023932646,0.4371354281902313,0.5529807209968567
cycler_hill,71,0.8450453,0.2827172,12.010238,12.383648,7.620685172619068,0.4477807283401489,0.5301656723022461
cycler_ice,14,0.66502583,0.3112274,12.218937,12.400374,78.8635056010421,0.5790848731994629,0.6018412113189697
cycler_ice,15,0.7702343,0.28939694,12.118273,12.4642935,39.970111291061016,0.47798940539360046,0.6336825489997864
cycler_ice,30,0.5349362,0.35100982,12.126598,12.516793,61.66160567682797,0.5031712651252747,0.6537941098213196
cycler_ice,40,0.67023486,0.27183443,12.315321,12.570383,36.02510020816613,0.5310313701629639,0.6531004309654236
dog,29,0.7244513,0.30426532,12.161949,12.42186,34.65711523406068,0.619163453578949,0.5510892868041992
dog,33,0.8744831,0.30645,11.842621,12.390783,34.334107261478586,0.4108094274997711,0.5957825779914856
dog,67,0.8080698,0.3316056,11.843611,12.3633995,49.286827267428116,0.46480488777160645,0.6000596880912781
dog,90,0.88021886,0.25460085,12.0481825,12.428604,40.76908245613692,0.5052478313446045,0.6269133687019348
dog_walker,22,0.8854878,0.24657673,11.98179,12.1329975,40.10370353315742,0.41185814142227173,0.48982852697372437
dog_walker,27,0.77609605,0.30523616,11.901337,12.237682,35.606735629041474,0.419285386800766,0.47587403655052185
dog_walker,77,0.7512171,0.32410684,11.993445,12.426222,56.724094102291346,0.4972599744796753,0.5200403332710266
dog_walker,87,0.90745443,0.2387502,12.060052,12.2320385,13.564731076315214,0.45036664605140686,0.5091438293457031
fence_guard,11,0.8806487,0.25509077,11.938511,12.200396,16.989824962789974,0.40481120347976685,0.43504396080970764
fence_guard,15,0.8505259,0.3367776,11.755687,12.289101,27.12425412886448,0.3593825697898865,0.461564838886261
fence_guard,24,0.8268094,0.27615047,12.091216,12.212325,13.820956145051877,0.42047494649887085,0.4796479642391205
fence_guard,50,0.8626056,0.31579798,11.669444,12.3388195,16.641480027718103,0.3488937318325043,0.5020999908447266
girl_boat,13,0.88533896,0.32214043,11.779052,11.507491,45.49535713400812,0.40012383460998535,0.25114595890045166
girl_boat,31,0.9320887,0.26177487,11.596219,11.717723,35.4993449609956,0.3670085370540619,0.32226088643074036
girl_boat,66,0.9376594,0.27410188,11.631207,11.993817,12.093506435823942,0.33975866436958313,0.4437936544418335
girl_boat,86,0.8962424,0.28191477,11.825179,12.036239,34.39043108243281,0.3852657079696655,0.44875138998031616
girl_car,12,0.75104195,0.2972883,12.134578,12.26174,37.43707461388584,0.4045565128326416,0.5047215819358826
girl_car,22,0.76992023,0.28699306,11.939045,12.29347,26.913197324212014,0.4563300311565399,0.45934832096099854
girl_car,27,0.69995666,0.3236509,12.047655,12.319483,28.024786842828064,0.5056458115577698,0.49361464381217957
girl_car,63,0.78185,0.2353096,12.327384,12.42238,18.52064065775109,0.580418050289154,0.5458871126174927
goalkeeper_boy,10,0.89772415,0.31736,11.521464,12.054772,52.8370800086999,0.39400991797447205,0.4021889567375183
goalkeeper_boy,16,0.8654945,0.34041885,11.616823,12.169489,24.80410963393897,0.390982061624527,0.47329485416412354
goalkeeper_boy,20,0.8955759,0.30089596,11.758628,12.136686,22.45594055604153,0.47453778982162476,0.4597599506378174
goalkeeper_boy,62,0.8602286,0.30138412,11.700619,12.16915,18.89349084221163,0.46485722064971924,0.4857054352760315
head_statue,14,0.7678587,0.30746627,12.0442915,12.257913,43.61375280799023,0.38136446475982666,0.49951064586639404
head_statue,22,0.8170754,0.32553738,11.921758,12.324143,31.01417596431677,0.34997761249542236,0.509547233581543
head_statue,32,0.8292586,0.3797741,11.469991,12.333569,15.196660931673152,0.25029298663139343,0.5240939855575562
head_statue,85,0.77123016,0.35523498,11.785706,12.46317,17.85961523061337,0.3091954290866852,0.5779344439506531
hunter_boy,10,0.8837763,0.30479875,11.697132,11.934244,35.23393716183278,0.43508467078208923,0.3734249472618103
hunter_boy,16,0.83867306,0.3346448,11.165375,11.703654,33.33187246751509,0.40733015537261963,0.3341129720211029
hunter_boy,21,0.9092937,0.32625276,11.305466,11.790926,15.045114594239275,0.4105815589427948,0.3754754364490509
hunter_boy,44,0.8933899,0.30519474,11.783797,11.907859,38.628694733691034,0.49927839636802673,0.40488654375076294
kid_bucket,10,0.911792,0.29245928,11.579413,11.9079075,47.49043652754283,0.4297899305820465,0.3835870921611786
kid_bucket,22,0.925443,0.30085582,11.4477825,11.955703,31.66231866540139,0.4510692358016968,0.43724846839904785
kid_bucket,30,0.92220485,0.32278535,11.565264,12.162749,38.824116636000426,0.45178285241127014,0.4751066565513611
kid_bucket,32,0.9387689,0.25997242,11.504321,12.013262,26.699715309846113,0.4202015995979309,0.4354308247566223
kid_rubble,14,0.82495487,0.29516184,12.068033,12.184314,39.05587210275256,0.5171221494674683,0.49399253726005554
kid_rubble,19,0.80324876,0.341276,11.91214,12.333413,51.68411531972451,0.4936625361442566,0.49833935499191284
kid_rubble,63,0.8441025,0.32896686,11.751583,12.303102,10.089665463391906,0.2954983413219452,0.4859931766986847
kid_rubble,71,0.8552051,0.26095378,12.028372,12.267271,27.149859526278007,0.3979354500770569,0.5438494086265564
laughing_bear,10,0.8093324,0.2945253,11.485318,11.910145,16.79094698455829,0.21103879809379578,0.28714048862457275
laughing_bear,11,0.90021265,0.28484982,11.642016,12.114195,28.378223570405538,0.2749342918395996,0.38032734394073486
laughing_bear,16,0.75806683,0.3307301,11.853004,12.196576,27.619998991888014,0.37946009635925293,0.3893429934978485
laughing_bear,24,0.89311343,0.29526,11.699288,12.281353,44.63763824102152,0.3386021554470062,0.4261549711227417
man_desert,10,0.94062793,0.2571675,11.7431135,11.901531,10.697904526879913,0.3683101236820221,0.3518856167793274
man_desert,11,0.8693765,0.32058114,11.65812,11.909518,32.67579794831,0.4063403904438019,0.3578242063522339
man_desert,16,0.91008526,0.34519655,11.49953,12.057439,10.159377385717956,0.36970892548561096,0.4065825343132019
man_desert,19,0.86566395,0.31594822,11.629967,11.923779,12.348213949760053,0.3564232885837555,0.33981406688690186
man_door,10,0.9067993,0.27349296,11.849026,11.991137,49.86779336999428,0.5549177527427673,0.4930035173892975
man_door,12,0.7160968,0.3470854,11.51735,11.723784,71.76851087473956,0.6542572975158691,0.4073212742805481
man_door,16,0.9200506,0.27472857,11.745318,11.87146,41.820856500352086,0.5138464570045471,0.44502750039100647
man_door,22,0.8873275,0.2564446,11.666867,12.0029745,43.06854973516586,0.5291277170181274,0.434564471244812
man_weaving,10,0.8088118,0.28532916,12.183651,12.231274,30.940764484181685,0.4655579626560211,0.4422107934951782
man_weaving,26,0.80601025,0.27292174,12.086204,12.422718,10.94963720652257,0.4098920524120331,0.5654082298278809
man_weaving,80,0.84193826,0.25396857,12.217606,12.449195,15.732097445299626,0.4780493974685669,0.5564145445823669
man_weaving,87,0.81236064,0.27152786,12.099866,12.414575,23.745072333829516,0.4259498715400696,0.5729946494102478
monk,11,0.9561158,0.23731112,11.544825,11.866992,16.912811771605764,0.3460031747817993,0.38704371452331543
monk,18,0.8915549,0.29638663,11.675209,11.92111,20.4091365238788,0.4178934097290039,0.3960162103176117
monk,20,0.8872977,0.26094508,11.926525,11.954158,29.70085332976271,0.5013203620910645,0.42665183544158936
monk,61,0.8232928,0.30392703,12.049152,12.052201,40.105648469237735,0.4722960889339447,0.356048583984375
mountain_chateau,11,0.9208681,0.25790966,11.603657,11.991518,27.134628789920942,0.3669617176055908,0.3924930989742279
mountain_chateau,42,0.87109095,0.2775334,11.593619,12.11769,15.923776058551276,0.33903446793556213,0.4690192937850952
mountain_chateau,43,0.8490508,0.29072332,11.769509,12.144476,34.49771561816749,0.37395140528678894,0.5175787806510925
mountain_chateau,68,0.8622078,0.27276543,11.703093,12.168393,9.904759890303133,0.32233157753944397,0.46491923928260803
satellite,11,0.83573806,0.29185334,11.878885,12.215469,28.69588856218201,0.381103515625,0.46827012300491333
satellite,13,0.77458996,0.27181908,11.997529,12.298024,5.762813455642088,0.38510042428970337,0.4679085314273834
satellite,17,0.86633384,0.28742373,11.936937,12.400328,13.399194450543783,0.38336917757987976,0.5461311936378479
satellite,82,0.76731217,0.26551557,12.246744,12.486294,32.32181886661224,0.4774560034275055,0.5821436643600464
seal_ice,11,0.88585824,0.2904225,11.745984,11.952282,22.37995286254705,0.29659563302993774,0.33443811535835266
seal_ice,24,0.840042,0.30189693,11.882405,12.160036,59.04822102099624,0.4486669898033142,0.41650399565696716
seal_ice,60,0.93935007,0.27471548,11.718467,12.251428,32.44979952799351,0.3127281069755554,0.44438910484313965
seal_ice,85,0.9074664,0.296138,11.752137,12.208927,25.36987100758105,0.26863744854927063,0.4709773659706116
seals_cliff,11,0.71627855,0.3498243,11.9394045,12.298015,37.51762986860137,0.4880864918231964,0.5457785725593567
seals_cliff,17,0.8254218,0.33405036,11.937149,12.179193,67.3323331754041,0.5114914178848267,0.5683714151382446
seals_cliff,24,0.73042643,0.3207267,11.679801,12.204541,65.83487369598342,0.4110229015350342,0.6706089973449707
seals_cliff,54,0.81118816,0.32081482,11.792041,12.278165,31.052439746781204,0.45439618825912476,0.6309073567390442
short_man,17,0.82519233,0.3496342,11.792808,12.384677,53.369693222083825,0.46641501784324646,0.5239619016647339
short_man,49,0.77550673,0.3020023,11.97672,12.348563,62.284709268901814,0.6154202818870544,0.5517707467079163
short_man,80,0.88974196,0.26704466,11.87586,12.340039,12.458702912940481,0.5018569827079773,0.5488667488098145
short_man,84,0.90781605,0.30463153,11.784583,12.35854,37.51865668751147,0.502841591835022,0.5716851949691772
snow_fox,12,0.8663129,0.33856094,11.506085,11.958881,3.6758509470178384,0.29044830799102783,0.3013269007205963
snow_fox,13,0.9283389,0.31206408,11.415067,11.729172,19.833285251038443,0.23487021028995514,0.2663024365901947
snow_fox,19,0.9034898,0.34614232,11.235512,12.009844,11.222872578371305,0.18107670545578003,0.39072659611701965
snow_fox,22,0.90761876,0.2728976,11.692691,11.978799,15.79030065179868,0.3307698965072632,0.3684713840484619
standing_bear,11,0.8946347,0.23172595,11.539258,11.822574,29.92265364222757,0.20240478217601776,0.24602720141410828
standing_bear,12,0.788491,0.27143487,11.831914,12.025347,35.751170459350995,0.35262489318847656,0.32790541648864746
standing_bear,18,0.8288839,0.31512064,11.796789,12.169227,33.70341440619283,0.34671327471733093,0.37410593032836914
standing_bear,77,0.89203286,0.28151244,11.917859,12.362819,25.10025144825921,0.33086803555488586,0.4961402118206024
street_greeting,11,0.8427273,0.35641325,11.750077,12.276112,39.5133076954392,0.3552559018135071,0.4938609004020691
street_greeting,15,0.8442057,0.3890165,11.496134,12.197438,33.994281949913656,0.29757076501846313,0.4750545024871826
street_greeting,21,0.8675015,0.30538523,11.902722,12.210292,20.554458469818744,0.3669043481349945,0.45988035202026367
street_greeting,48,0.87049174,0.3388747,11.698405,12.404149,50.30781278130301,0.3921233117580414,0.5119266510009766
swan_ice,10,0.9243758,0.24268109,11.579149,11.760217,31.62907579863315,0.23668836057186127,0.24084952473640442
swan_ice,13,0.82962406,0.27369294,11.913714,12.018555,35.16265630164164,0.33785873651504517,0.31899183988571167
swan_ice,20,0.8838934,0.26422033,11.635412,12.07562,42.37188978620996,0.29083701968193054,0.3581050932407379
swan_ice,44,0.82920694,0.34415066,11.556452,12.252787,44.979913545656224,0.24843308329582214,0.41350793838500977
tiger_leaves,23,0.8583405,0.31217813,11.728181,12.357071,13.66644316209796,0.32303932309150696,0.470045268535614
tiger_leaves,36,0.79149055,0.29736438,11.957536,12.370377,24.65837586338447,0.4015389084815979,0.5488727688789368
tiger_leaves,78,0.91130304,0.23742837,11.99182,12.243446,12.46547054082377,0.4264931082725525,0.4486328363418579
tiger_leaves,86,0.9145098,0.24496257,11.944194,12.302965,10.289168756659674,0.43199971318244934,0.5217045545578003
tourist_shore,12,0.8271644,0.36820078,11.504355,12.006458,25.40665818806632,0.318393349647522,0.38320261240005493
tourist_shore,30,0.8987072,0.2858964,11.690657,12.030361,38.17985392207414,0.3298899531364441,0.3693414628505707
tourist_shore,73,0.9052792,0.26022434,11.7459955,12.053856,4.513325185560127,0.31415775418281555,0.3502430319786072
tourist_shore,82,0.88881165,0.3390243,11.498222,12.315001,20.576317170954947,0.2649679183959961,0.4606454372406006
traffic_santa,10,0.8278887,0.30468044,11.86783,12.241944,13.348216583897642,0.3260534107685089,0.4658430218696594
traffic_santa,14,0.7293277,0.3492482,12.026165,12.290346,15.345781146207498,0.40598270297050476,0.43926915526390076
traffic_santa,16,0.8063546,0.31109336,12.042095,12.182069,12.963654832444295,0.4299353361129761,0.4267561733722687
traffic_santa,23,0.8108252,0.3079036,11.9655075,12.185067,9.414573388613949,0.4052582383155823,0.47648027539253235
two_bears,10,0.85008043,0.26425996,11.779526,11.951119,29.72753736519015,0.45070868730545044,0.36159494519233704
two_bears,20,0.8942872,0.28629363,11.682237,12.180347,37.82070566926787,0.48837563395500183,0.5203946828842163
two_bears,28,0.80781573,0.26262778,11.920443,12.220816,30.556019763806592,0.5455859303474426,0.48288124799728394
two_bears,72,0.9042801,0.25536817,11.782808,12.271796,28.89999134959987,0.46056002378463745,0.5263359546661377
walking_bear,12,0.8433411,0.27544147,12.047991,12.141429,6.490514032496185,0.39415454864501953,0.4611373245716095
walking_bear,22,0.7416995,0.27339396,12.086294,12.385748,11.937222439386042,0.5399668216705322,0.5479042530059814
walking_bear,23,0.7741942,0.29498723,12.11931,12.394558,26.9920733699567,0.5496134757995605,0.5508149266242981
walking_bear,39,0.7788191,0.27215713,12.161509,12.406009,19.275491323174986,0.5782506465911865,0.5730823874473572
wet_bear,10,0.8321757,0.36726168,11.391547,12.037985,67.86300278167944,0.27570533752441406,0.384660005569458
wet_bear,43,0.85931677,0.34583452,11.616575,12.418581,39.78933504553235,0.31084898114204407,0.5212079286575317
wet_bear,47,0.84784186,0.39017424,11.428931,12.380701,32.84722333795918,0.2743212580680847,0.5239235162734985
wet_bear,72,0.91999185,0.2846904,11.66163,12.2237425,23.898597691512737,0.3195975720882416,0.4431459903717041
white_hat,12,0.9051078,0.33776078,11.821238,11.620558,36.54632219205471,0.5351662635803223,0.37889477610588074
white_hat,19,0.9452882,0.26335225,11.56336,11.907735,4.17680079855349,0.42642977833747864,0.4714604318141937
white_hat,27,0.865727,0.32421127,11.905281,11.847688,7.790031182292264,0.588696300983429,0.46790599822998047
white_hat,79,0.9250269,0.23914526,11.776562,12.03853,21.77324931781594,0.5084081888198853,0.48673275113105774
young_cowboy,11,0.81439394,0.33635333,11.69949,12.1119175,31.33716783114566,0.3461487889289856,0.3768156170845032
young_cowboy,18,0.86947376,0.2479142,11.769141,11.952895,13.905694077464997,0.33308976888656616,0.31588152050971985
young_cowboy,19,0.8376895,0.29137698,11.842406,12.087044,34.18937467540474,0.4905574321746826,0.39595896005630493
young_cowboy,68,0.86476177,0.3183898,11.649814,12.002646,57.6615990569157,0.441081166267395,0.35542386770248413
