content,level,freelook_cc,freelook_jsd,artifact_fr_cc,artifact_fr_jsd,artifact_nr_cc,artifact_nr_jsd,mixture_fr_cc,mixture_fr_jsd,mixture_nr_cc,mixture_nr_jsd,tas_fr_cc,tas_fr_jsd,tas_nr_cc,tas_nr_jsd,freelook_nss,tas_nr_nss,tas_fr_nss
arab_mountain,18,0.89973116,0.3057524,0.0059891837,0.51797587,0.003511114,0.47982118,0.7904140187576295,0.32813542903254256,0.8162985450355409,0.30938670434813426,0.86110926,0.29833278,0.8858155,0.27940816,0.0,0.0,0.0
arab_mountain,38,0.9254842,0.28690282,0.03307218,0.44186285,0.035860375,0.42548564,0.8699108218743761,0.26857642598803616,0.8810989144714977,0.2584773198902024,0.90733737,0.24760844,0.9189125,0.24011686,0.0,0.0,0.0
arab_mountain,47,0.8750219,0.25289664,0.004456667,0.42693862,0.008115882,0.41247523,0.7702201654927843,0.26836082778713205,0.7883942638389901,0.260820291036422,0.83835286,0.24069026,0.86098546,0.22813189,0.0,0.0,0.0
arab_mountain,64,0.8997876,0.28035083,0.03703173,0.424445,0.040195808,0.41233453,0.8198981024891185,0.27060002191376614,0.8339524979903384,0.263418887586005,0.87250525,0.24833629,0.88947606,0.24019057,0.0,0.0,0.0
bear_fish,19,0.8356136,0.3576905,0.16751279,0.5112149,0.1785063,0.46528774,0.7522598009011451,0.35251846184027996,0.7731986213042401,0.32615140503145607,0.8179334,0.33388895,0.8354509,0.31638122,0.0,0.0,0.0
bear_fish,25,0.89023566,0.30297375,0.14992112,0.5144381,0.16251655,0.47465533,0.7842178665992415,0.3192616619826016,0.80690614204219,0.29723367011851226,0.86133707,0.28737983,0.8845553,0.2650689,0.0,0.0,0.0
bear_fish,32,0.923422,0.32455203,0.1940761,0.4888543,0.2063405,0.45160487,0.856363127810518,0.30510001764258216,0.873901731391395,0.2811360375307025,0.91328245,0.28293502,0.926473,0.26655278,0.0,0.0,0.0
bear_fish,64,0.82222694,0.33695748,0.20891902,0.48546854,0.22274797,0.45204893,0.7692716965705867,0.32432696041813486,0.7855953493231567,0.30669902178196484,0.81981057,0.3060647,0.8302041,0.29517856,0.0,0.0,0.0
bird_bushes,18,0.89317346,0.30764595,0.012225263,0.50642747,0.003128104,0.47080716,0.7630315947077755,0.31269252305889833,0.7908850379541473,0.2902636591108784,0.851242,0.28452966,0.8797604,0.26349103,0.0,0.0,0.0
bird_bushes,21,0.9242737,0.23895513,-0.025819425,0.531399,-0.031641766,0.49792084,0.7323503110142952,0.32732856181233294,0.7679604129606266,0.30828043461722915,0.8525691,0.283452,0.8975192,0.25022468,0.0,0.0,0.0
bird_bushes,42,0.9025003,0.2588929,0.026419226,0.5066568,0.01833528,0.47745633,0.7855233818532451,0.29653988669727277,0.8090113235536995,0.2790244548876851,0.8659362,0.25715104,0.89093786,0.23118368,0.0,0.0,0.0
bird_bushes,64,0.84354615,0.2895373,0.059560258,0.48656175,0.052450433,0.45924783,0.7111026002563943,0.3184156137568756,0.732908180161028,0.30279538197338873,0.79785407,0.29097632,0.8271604,0.2722544,0.0,0.0,0.0
cat_fence,10,0.8368862,0.3316434,0.10578685,0.6109917,0.11826089,0.55528885,0.6229687901668128,0.4005728456019169,0.6962379920426554,0.3689341801198695,0.76149243,0.35824466,0.8243505,0.32133085,0.0,0.0,0.0
cat_fence,11,0.8846946,0.27934697,0.1058492,0.59655046,0.11430609,0.54118556,0.653240106099445,0.3687025611876261,0.7174196381606116,0.33420891794481516,0.79729295,0.3182905,0.8632576,0.27201122,0.0,0.0,0.0
cat_fence,72,0.8878355,0.3340056,0.15041861,0.44317967,0.15310521,0.4287386,0.7958895894316268,0.2786494191316529,0.8088050982014441,0.2695272985214048,0.8624076,0.26337212,0.8812108,0.2614188,0.0,0.0,0.0
cat_fence,87,0.93317264,0.30242553,0.13202997,0.44265616,0.13493225,0.4310584,0.8348625064502995,0.25520394812076447,0.8466731730723694,0.24735003189403973,0.90653676,0.2318144,0.9261727,0.22654974,0.0,0.0,0.0
climber_mountains,10,0.80044466,0.2796844,0.21514402,0.6184492,0.21839146,0.55843174,0.5236006580049747,0.3904380842188867,0.557477748294428,0.3653116752145067,0.6528165,0.3411617,0.7367229,0.30238858,0.0,0.0,0.0
climber_mountains,11,0.81025946,0.26866692,0.19720897,0.61138046,0.20134492,0.5533362,0.5047296083857876,0.38471770886625245,0.5419898883342101,0.3615873378186387,0.64238733,0.33552605,0.73790497,0.29839072,0.0,0.0,0.0
climber_mountains,26,0.81201434,0.268306,0.21190143,0.5490022,0.20840867,0.5159016,0.5697762227187375,0.35163025416479265,0.592383508065406,0.33749279654959263,0.6917788,0.31097403,0.75871384,0.28338104,0.0,0.0,0.0
climber_mountains,34,0.844515,0.2772729,0.24918868,0.5162891,0.24420366,0.4845422,0.6631192708667182,0.3276475156841949,0.682902660098571,0.31081378962114947,0.76393676,0.29086557,0.8102521,0.2653806,0.0,0.0,0.0
climber_sunglasses,11,0.74462163,0.3060487,0.0414624,0.50879705,0.03933029,0.47688946,0.6078780029178266,0.33514585496057225,0.636118575611755,0.32105909828248475,0.69595504,0.30588055,0.72830874,0.28750798,0.0,0.0,0.0
climber_sunglasses,21,0.8896736,0.24749985,0.03795069,0.44031164,0.03598106,0.42319825,0.7602047751225534,0.2581130973315416,0.7815568253131161,0.24923348130700018,0.84667903,0.22660519,0.8749392,0.21187668,0.0,0.0,0.0
climber_sunglasses,35,0.7985274,0.3238045,0.027153999,0.43585736,0.023375101,0.42293322,0.6658865440885778,0.30802572183663346,0.6816863465476042,0.30143703130962946,0.7445353,0.2925274,0.77419186,0.28721744,0.0,0.0,0.0
climber_sunglasses,47,0.87091213,0.32163534,0.07493213,0.42117035,0.06942412,0.40996802,0.8415281671762196,0.25277647537535836,0.847599813968163,0.24725859914598397,0.8677018,0.24320306,0.8722494,0.24790631,0.0,0.0,0.0
cycler_hill,11,0.8605366,0.22208773,-0.04407327,0.61730224,-0.037212223,0.5399352,0.5027172876611202,0.36462231726785355,0.5883691148198956,0.3291760243925943,0.70921046,0.30421188,0.8173218,0.25117984,0.0,0.0,0.0
cycler_hill,24,0.756718,0.30262384,-0.011915967,0.52442515,-0.0054214597,0.47777075,0.49780822276008924,0.3437894391429293,0.5456245492855238,0.3203038530912456,0.65843576,0.30890092,0.7275705,0.28207165,0.0,0.0,0.0
cycler_hill,60,0.8469894,0.31965747,-0.032702014,0.4879928,-0.029071167,0.4516511,0.6101874243080999,0.3282004773117975,0.648389703582397,0.3055364704560311,0.74978024,0.30140245,0.80802333,0.28057927,0.0,0.0,0.0
cycler_hill,71,0.8450453,0.2827172,0.023751944,0.4779468,0.026290596,0.44618618,0.6249882260220662,0.303393057700254,0.6617366805908727,0.2848352286068398,0.76774764,0.27113357,0.8212497,0.2498563,0.0,0.0,0.0
cycler_ice,14,0.66502583,0.3112274,0.15456022,0.57545745,0.16102363,0.5194965,0.4057051391980295,0.37808033357214443,0.43131888817045383,0.35541383841385293,0.52041656,0.34204656,0.5977813,0.3147014,0.0,0.0,0.0
cycler_ice,15,0.7702343,0.28939694,0.2113241,0.5536054,0.2205903,0.49823183,0.5158470055567925,0.3501323540678838,0.544267296307229,0.32508066604423297,0.6384927,0.31230006,0.71375,0.28257647,0.0,0.0,0.0
cycler_ice,30,0.5349362,0.35100982,0.17805888,0.52801144,0.18591687,0.48198557,0.3775468327120195,0.38014606461633244,0.3949021631525431,0.3585237173993027,0.45187086,0.35757348,0.49760616,0.33846286,0.0,0.0,0.0
cycler_ice,40,0.67023486,0.27183443,0.25453627,0.50323737,0.25890142,0.4602185,0.4714385523512797,0.3226944644947885,0.48796886325524297,0.30328804445146107,0.5641158,0.28952423,0.6227979,0.2662644,0.0,0.0,0.0
dog,29,0.7244513,0.30426532,-0.105584875,0.5005723,-0.10699929,0.46374488,0.4778845475347806,0.31746700294738733,0.519788714669607,0.3001387377329781,0.6318482,0.28690088,0.692688,0.26948258,0.0,0.0,0.0
dog,33,0.8744831,0.30645,-0.09053764,0.49197853,-0.09262106,0.457827,0.6666467843829827,0.3064497214704311,0.7030233335288207,0.2854567705855127,0.7981998,0.27871877,0.8461746,0.2604561,0.0,0.0,0.0
dog,67,0.8080698,0.3316056,-0.056004934,0.47592613,-0.060665328,0.44800073,0.6485144579765132,0.2777991907996568,0.6796961269025726,0.26237427521098566,0.7636203,0.25256863,0.79763764,0.2446158,0.0,0.0,0.0
dog,90,0.88021886,0.25460085,-0.10790505,0.46600673,-0.111777484,0.43852916,0.6601129770964325,0.27180680827950987,0.6961976785074253,0.2566668302351461,0.80684453,0.23654811,0.8559449,0.21803388,0.0,0.0,0.0
dog_walker,22,0.8854878,0.24657673,0.05498819,0.484535,0.058271233,0.4643317,0.7640862887221367,0.295619296760848,0.7885581411155768,0.2874379444751313,0.84932643,0.2557834,0.87577903,0.23490681,0.0,0.0,0.0
dog_walker,27,0.77609605,0.30523616,0.11064209,0.45092312,0.11173214,0.4297758,0.684156082800732,0.3077642310658366,0.7013011338854803,0.29644347877411525,0.7487899,0.2864356,0.7683815,0.27491114,0.0,0.0,0.0
dog_walker,77,0.7512171,0.32410684,0.12796113,0.3926817,0.13103862,0.37251472,0.6841012384866528,0.2656461229263775,0.6991470890032478,0.25499427119906404,0.74014217,0.25758597,0.7529293,0.2580579,0.0,0.0,0.0
dog_walker,87,0.90745443,0.2387502,0.1154241,0.4282902,0.120223194,0.41132814,0.8179084636848789,0.26546514637487556,0.8384111956721094,0.25680950314288037,0.8839057,0.23405698,0.90287244,0.2179449,0.0,0.0,0.0
fence_guard,11,0.8806487,0.25509077,0.048691973,0.60334766,0.043484114,0.54634047,0.5844298489688527,0.34401482915190507,0.6327831031768315,0.3180451708937863,0.75304884,0.28856006,0.8353338,0.24740195,0.0,0.0,0.0
fence_guard,15,0.8505259,0.3367776,0.020944797,0.5848996,0.015302669,0.5328379,0.6080855264549039,0.3665221647385653,0.6457211984065456,0.33818757822879425,0.75514257,0.33050364,0.8164691,0.30133075,0.0,0.0,0.0
fence_guard,24,0.8268094,0.27615047,0.03671576,0.56909287,0.031511884,0.52926743,0.5394693787662967,0.35217408159009045,0.5752893218783599,0.3350682672927355,0.69969606,0.31000155,0.7773547,0.28201878,0.0,0.0,0.0
fence_guard,50,0.8626056,0.31579798,0.054285128,0.5459278,0.045908447,0.5117848,0.6651574415701675,0.3337881507934081,0.6909570996865454,0.31488047100100025,0.7900717,0.29724422,0.83648723,0.27384406,0.0,0.0,0.0
girl_boat,13,0.88533896,0.32214043,0.24405351,0.57635164,0.25884274,0.53772175,0.7050918633284222,0.3963189822226833,0.7483808828407984,0.3823713755124,0.816038,0.3575463,0.866734,0.331607,0.0,0.0,0.0
girl_boat,31,0.9320887,0.26177487,0.2839596,0.5000387,0.2931914,0.47910994,0.8321568333096069,0.32696044652677075,0.8510865283812813,0.31569753647064797,0.89960414,0.2875617,0.9228961,0.262024,0.0,0.0,0.0
girl_boat,66,0.9376594,0.27410188,0.29577327,0.4507829,0.30359486,0.43163025,0.8223348184024044,0.2940774318040637,0.8384100220252755,0.2815481583711969,0.89684,0.26334175,0.9232634,0.24450497,0.0,0.0,0.0
girl_boat,86,0.8962424,0.28191477,0.29079235,0.43619922,0.29836664,0.41884628,0.7842393463641162,0.28549044782023303,0.7994937675414086,0.27652373446976053,0.85985726,0.25957876,0.88553876,0.24766739,0.0,0.0,0.0
girl_car,12,0.75104195,0.2972883,0.24383053,0.60591817,0.25534663,0.54353225,0.4864840147169227,0.39705551410222756,0.521535150650554,0.3729196673394743,0.59684634,0.35299405,0.6795759,0.31899863,0.0,0.0,0.0
girl_car,22,0.76992023,0.28699306,0.27831766,0.5664336,0.2834108,0.51806325,0.6058470626875441,0.35679148855281884,0.6299491959450751,0.33573948624880195,0.7070116,0.31563234,0.7541798,0.28562185,0.0,0.0,0.0
girl_car,27,0.69995666,0.3236509,0.26296908,0.5596086,0.26719984,0.51720923,0.525583034429167,0.3818848488259179,0.5439835910868018,0.3642801652793579,0.6176976,0.34844717,0.6674856,0.3247449,0.0,0.0,0.0
girl_car,63,0.78185,0.2353096,0.3585813,0.49212897,0.3621208,0.45880315,0.603007964343684,0.3004479242940326,0.618086429136564,0.2869218164726697,0.6982833,0.26121628,0.7519656,0.23773682,0.0,0.0,0.0
goalkeeper_boy,10,0.89772415,0.31736,0.16253626,0.54806167,0.18379995,0.5019264,0.7764370491579274,0.3541311454484565,0.8054662869988242,0.3295895443183864,0.8595024,0.31956765,0.88814044,0.2928248,0.0,0.0,0.0
goalkeeper_boy,16,0.8654945,0.34041885,0.18652153,0.51412666,0.1990014,0.4800513,0.7455054135361242,0.35969118771920594,0.7658640306836197,0.341525280529958,0.8235522,0.33502162,0.8511406,0.31685865,0.0,0.0,0.0
goalkeeper_boy,20,0.8955759,0.30089596,0.20454049,0.49845478,0.21804197,0.46775377,0.7692383566082676,0.33371193923428083,0.7896619886271888,0.31760089276786196,0.85013276,0.30420843,0.8793948,0.28440902,0.0,0.0,0.0
goalkeeper_boy,62,0.8602286,0.30138412,0.22948731,0.4566493,0.2408613,0.43284228,0.7653162880137991,0.3018588993567824,0.7803446045246368,0.28739394994096734,0.8320713,0.2781215,0.85303247,0.263894,0.0,0.0,0.0
head_statue,14,0.7678587,0.30746627,-0.03147763,0.6555623,-0.010158189,0.5938758,0.41133800274104254,0.42457538579443344,0.4693241067991357,0.40034190963286437,0.59169614,0.3731238,0.6962781,0.33452976,0.0,0.0,0.0
head_statue,22,0.8170754,0.32553738,0.001553718,0.6046193,0.021785907,0.55327994,0.5157999400398324,0.408183043560001,0.559409830507148,0.3850785373160999,0.67961156,0.3677729,0.7600966,0.33610103,0.0,0.0,0.0
head_statue,32,0.8292586,0.3797741,0.010734946,0.5810566,0.02937643,0.53615636,0.6462471439583818,0.4089616391615946,0.6747211704088412,0.3847843421138972,0.75887984,0.3804037,0.8016736,0.35646805,0.0,0.0,0.0
head_statue,85,0.77123016,0.35523498,0.10460676,0.5076217,0.12324071,0.477817,0.6154452283415982,0.35040559107824515,0.6385171973782634,0.33497712130364576,0.7215219,0.33007032,0.7587124,0.3182653,0.0,0.0,0.0
hunter_boy,10,0.8837763,0.30479875,-0.011713304,0.6189654,-0.0023878887,0.5634542,0.7092726535729023,0.39209174899244487,0.7619346786817496,0.3655907279336175,0.828485,0.34525108,0.87062025,0.308458,0.0,0.0,0.0
hunter_boy,16,0.83867306,0.3346448,0.004859343,0.6088544,0.011987321,0.57517225,0.7798274156199181,0.3828407342600531,0.7971559056582954,0.36627536918763276,0.82585466,0.34073344,0.83718085,0.31411135,0.0,0.0,0.0
hunter_boy,21,0.9092937,0.32625276,-0.037962176,0.61244386,-0.031124838,0.58039796,0.8116551535545906,0.39748692435002636,0.8315817049860873,0.3792968450718281,0.8767032,0.3534063,0.8974208,0.32176864,0.0,0.0,0.0
hunter_boy,44,0.8933899,0.30519474,-0.019237861,0.5576666,-0.013047174,0.5332752,0.7835540599146119,0.36099642087638256,0.8068343660630969,0.34934537551151995,0.86752284,0.32228172,0.8891584,0.2998005,0.0,0.0,0.0
kid_bucket,10,0.911792,0.29245928,0.1074196,0.62637484,0.12549774,0.5729985,0.6563325603787852,0.403112439244214,0.7205870611402666,0.3721136340154377,0.8099131,0.35194317,0.8825402,0.3064606,0.0,0.0,0.0
kid_bucket,22,0.925443,0.30085582,0.19419152,0.5739212,0.20012558,0.53549415,0.7704850475909935,0.3708980180342579,0.8007061965974337,0.34773345724412374,0.87261003,0.32845396,0.9102351,0.29489684,0.0,0.0,0.0
kid_bucket,30,0.92220485,0.32278535,0.23274803,0.52693206,0.24212635,0.4839802,0.7746005312230818,0.3489270579673324,0.8018605595510279,0.32424480766875163,0.8709478,0.31572258,0.9068373,0.28992993,0.0,0.0,0.0
kid_bucket,32,0.9387689,0.25997242,0.20525435,0.54785997,0.21320158,0.5136036,0.7899541896592633,0.3334889467939263,0.8186028945917891,0.3117165198630802,0.88964677,0.28642517,0.92545825,0.25048587,0.0,0.0,0.0
kid_rubble,14,0.82495487,0.29516184,-0.008615935,0.6037896,0.0005726032,0.5421011,0.5010328681620912,0.3835037573213762,0.5578069593639738,0.35538807326148203,0.6760016,0.3375311,0.7689478,0.30051103,0.0,0.0,0.0
kid_rubble,19,0.80324876,0.341276,0.044249278,0.5536552,0.053815998,0.49534506,0.5713166612507115,0.37293469665488227,0.6137122570807597,0.34140504698862306,0.7059568,0.3431237,0.76765674,0.31469786,0.0,0.0,0.0
kid_rubble,63,0.8441025,0.32896686,0.13438985,0.48836175,0.14127663,0.456735,0.7191613869106511,0.316788541075554,0.7446611989417825,0.299986013237639,0.81240827,0.29303727,0.84036386,0.27895644,0.0,0.0,0.0
kid_rubble,71,0.8552051,0.26095378,0.13841029,0.4849801,0.14411704,0.454329,0.6907222743414818,0.2908056551426164,0.7218850366986022,0.27626608497715693,0.8111574,0.25410363,0.85104454,0.23277104,0.0,0.0,0.0
laughing_bear,10,0.8093324,0.2945253,-0.056309532,0.58428115,-0.06101001,0.53709275,0.7241590117619658,0.34813093535436745,0.7543401523470242,0.32463183869575024,0.787252,0.30392963,0.80491877,0.27160028,0.0,0.0,0.0
laughing_bear,11,0.90021265,0.28484982,-0.092927486,0.55098,-0.09750135,0.5019834,0.7661552511274043,0.31881613949552196,0.8058115906196824,0.29163933750794496,0.8580313,0.2769672,0.8877517,0.24560282,0.0,0.0,0.0
laughing_bear,16,0.75806683,0.3307301,-0.05321682,0.484926,-0.053575404,0.45531914,0.6593177004863209,0.3165254354793415,0.6838955552743711,0.30306580997660515,0.72809833,0.29457954,0.74896944,0.28411052,0.0,0.0,0.0
laughing_bear,24,0.89311343,0.29526,-0.07053493,0.4482886,-0.06864641,0.4265748,0.8031522488027161,0.2565514485418435,0.8224727654521311,0.2435282007892913,0.86536014,0.23285921,0.88386047,0.2244371,0.0,0.0,0.0
man_desert,10,0.94062793,0.2571675,0.2946957,0.61943406,0.30530146,0.5539399,0.7396820060659013,0.3799675293365917,0.7891132642687102,0.35065881766340423,0.85813046,0.32474586,0.91686356,0.27974075,0.0,0.0,0.0
man_desert,11,0.8693765,0.32058114,0.26869497,0.62616086,0.27725482,0.5635561,0.7063409348154678,0.4056240693137883,0.7490864070784652,0.3758600051883235,0.8134486,0.36101204,0.85881567,0.3225352,0.0,0.0,0.0
man_desert,16,0.91008526,0.34519655,0.2341096,0.5918258,0.23714463,0.5418972,0.774122208570471,0.39309168651244697,0.801597645538253,0.3683102835661582,0.8640118,0.35604358,0.896894,0.32710946,0.0,0.0,0.0
man_desert,19,0.86566395,0.31594822,0.17436814,0.61704654,0.1798024,0.57291466,0.6988922120910408,0.4219732958674638,0.7271844738333006,0.400919557456134,0.794801,0.37730286,0.8367536,0.34176442,0.0,0.0,0.0
man_door,10,0.9067993,0.27349296,-0.048392285,0.67995095,-0.038783226,0.61345106,0.5599702740419318,0.41328560348259513,0.6341477960738965,0.3799831163693328,0.7628625,0.35213724,0.8610915,0.30020323,0.0,0.0,0.0
man_door,12,0.7160968,0.3470854,-0.0649783,0.7004247,-0.057930313,0.6502567,0.5024276540720558,0.4665814901850896,0.544419507572722,0.44218045340582246,0.6282745,0.41489935,0.6823056,0.37301457,0.0,0.0,0.0
man_door,16,0.9200506,0.27472857,-0.04240118,0.65646464,-0.032704577,0.6097971,0.6521356710869733,0.40080289836205935,0.7060036888753464,0.3775663416072659,0.8235413,0.3422199,0.8907673,0.29661855,0.0,0.0,0.0
man_door,22,0.8873275,0.2564446,-0.051453933,0.6191105,-0.04544935,0.5772016,0.6632785408243491,0.36420357030580597,0.7027380479154259,0.34222498151868347,0.8021064,0.30630198,0.8553175,0.2636282,0.0,0.0,0.0
man_weaving,10,0.8088118,0.28532916,-0.039350994,0.54156274,-0.03176822,0.48720887,0.5589037304451145,0.3346508568237722,0.6176005617489488,0.3142612067725782,0.7174057,0.29821414,0.78313595,0.27501273,0.0,0.0,0.0
man_weaving,26,0.80601025,0.27292174,-0.07019387,0.4719952,-0.06550195,0.439707,0.6127802438930363,0.2895446301326048,0.6454019658890239,0.2756483261426761,0.73641217,0.26192054,0.7807089,0.24764858,0.0,0.0,0.0
man_weaving,80,0.84193826,0.25396857,-0.029054862,0.43035495,-0.025763068,0.40651757,0.6483857881789181,0.24710460682184954,0.6794316414074202,0.2367114052020912,0.7811905,0.21893689,0.8249573,0.20856921,0.0,0.0,0.0
man_weaving,87,0.81236064,0.27152786,-0.010385968,0.42707425,-0.010366969,0.40566343,0.65817525378165,0.24986848594580954,0.6814988412872028,0.23967705491558022,0.7662576,0.22646867,0.79907507,0.21916606,0.0,0.0,0.0
monk,11,0.9561158,0.23731112,0.05474886,0.6214507,0.067479864,0.5724048,0.7135283555854479,0.36129109256152747,0.7633670759402408,0.3381929686184321,0.8718519,0.30037385,0.9327377,0.2552612,0.0,0.0,0.0
monk,18,0.8915549,0.29638663,0.08139898,0.5918617,0.09442985,0.55170417,0.6597831889679682,0.3801515976262047,0.7013313818825122,0.3600671162071065,0.8058255,0.33446243,0.8658867,0.3003663,0.0,0.0,0.0
monk,20,0.8872977,0.26094508,0.07167938,0.58702964,0.08382692,0.54654276,0.6050712993723344,0.3730065019191128,0.6479789889754476,0.3546137867067111,0.7694876,0.32300356,0.84605277,0.2871827,0.0,0.0,0.0
monk,61,0.8232928,0.30392703,0.042641312,0.5845444,0.047859076,0.5517582,0.5422957023509338,0.38690725560523753,0.5765544876356166,0.37347450714319447,0.70786154,0.34520096,0.7824017,0.31872156,0.0,0.0,0.0
mountain_chateau,11,0.9208681,0.25790966,0.41727325,0.5191927,0.43562722,0.46507204,0.7940406812447438,0.3204509698238785,0.8269176210874807,0.2946421636031901,0.87471247,0.28011662,0.9113511,0.24759372,0.0,0.0,0.0
mountain_chateau,42,0.87109095,0.2775334,0.5026448,0.4017362,0.50928116,0.38261864,0.8346620601309003,0.26587119328648107,0.8451881378555115,0.25493594680886317,0.8690723,0.2465881,0.8780085,0.2373821,0.0,0.0,0.0
mountain_chateau,43,0.8490508,0.29072332,0.4856253,0.4102284,0.48948538,0.39135262,0.8096793056513774,0.29017360220915267,0.8198765016816378,0.2808861702737917,0.8479319,0.272876,0.85739726,0.2647281,0.0,0.0,0.0
mountain_chateau,68,0.8622078,0.27276543,0.53574675,0.37782893,0.53978664,0.36051467,0.8265221167634196,0.2629729101491621,0.836220635313849,0.2530472473738266,0.8597089,0.24770595,0.8688569,0.24037792,0.0,0.0,0.0
satellite,11,0.83573806,0.29185334,0.209619,0.54263425,0.20808116,0.49923167,0.7006251582730947,0.3412269632258706,0.7257262071807513,0.32428712197906234,0.79164314,0.30288565,0.82463497,0.27893183,0.0,0.0,0.0
satellite,13,0.77458996,0.27181908,0.3332793,0.4775433,0.33575493,0.43679333,0.70433079806059,0.2872139052936062,0.7224862793269016,0.2724799325679047,0.76987314,0.25599837,0.78727704,0.24009545,0.0,0.0,0.0
satellite,17,0.86633384,0.28742373,0.2537341,0.48705795,0.24950616,0.44558838,0.7379721237094644,0.3037991708484015,0.7592026170301033,0.2842105582756608,0.82519835,0.27229604,0.8560923,0.25229573,0.0,0.0,0.0
satellite,82,0.76731217,0.26551557,0.2966365,0.41449094,0.28921518,0.38743758,0.6914972074171718,0.2494164125490315,0.7035488660489857,0.23901159748278689,0.76589346,0.22639672,0.7818936,0.21900907,0.0,0.0,0.0
seal_ice,11,0.88585824,0.2904225,0.054476388,0.6535782,0.06646733,0.58079046,0.6398335466326895,0.41015413403360035,0.7090571554264595,0.37504275063268877,0.78765035,0.35553908,0.8568051,0.30713668,0.0,0.0,0.0
seal_ice,24,0.840042,0.30189693,0.0885886,0.56310713,0.09543637,0.5155434,0.6602846072274376,0.3650271736720392,0.7004499252928823,0.341449654388317,0.777061,0.32612354,0.8224462,0.29557604,0.0,0.0,0.0
seal_ice,60,0.93935007,0.27471548,0.101562195,0.48717418,0.11087759,0.45566344,0.8002286777675338,0.2994164621153858,0.8286077162649197,0.2787371495635684,0.8920296,0.26649645,0.92419463,0.2426,0.0,0.0,0.0
seal_ice,85,0.9074664,0.296138,0.07343056,0.4852071,0.07986703,0.46352538,0.7452748899903272,0.3123179167119244,0.7695742590458353,0.2980907143146951,0.845242,0.28119648,0.88264704,0.26217982,0.0,0.0,0.0
seals_cliff,11,0.71627855,0.3498243,0.03010428,0.6459932,0.035343245,0.59665805,0.461467024113845,0.42891466880758133,0.4946817907015678,0.40869610169164666,0.59820515,0.38684064,0.6663831,0.35660943,0.0,0.0,0.0
seals_cliff,17,0.8254218,0.33405036,0.13627028,0.5970833,0.14403671,0.556807,0.6088904305997219,0.39203568421552526,0.6368101124469291,0.37665570358519257,0.7358706,0.35385093,0.7913895,0.32972866,0.0,0.0,0.0
seals_cliff,24,0.73042643,0.3207267,0.08902334,0.590014,0.093303025,0.5539862,0.5777878080828968,0.37584550536744066,0.596876185386188,0.36103748044000505,0.67194456,0.3349209,0.70737153,0.3098075,0.0,0.0,0.0
seals_cliff,54,0.81118816,0.32081482,0.13277179,0.55499315,0.14010325,0.5242559,0.6423612964942182,0.368640438212784,0.663339337121696,0.3539437115575202,0.7442548,0.33401024,0.78473115,0.31156358,0.0,0.0,0.0
short_man,17,0.82519233,0.3496342,0.15885149,0.52762055,0.16079837,0.4727762,0.6163979322880689,0.3445822140568296,0.6520865211085585,0.3123340737614328,0.73020333,0.32061982,0.78703815,0.29646403,0.0,0.0,0.0
short_man,49,0.77550673,0.3020023,0.23882332,0.45801336,0.23710532,0.43269193,0.6063448070777733,0.29493672848191693,0.6283747945010686,0.2815328284211845,0.6993484,0.27082178,0.74446976,0.25694838,0.0,0.0,0.0
short_man,80,0.88974196,0.26704466,0.23220187,0.44273046,0.22835515,0.42417282,0.7566927681767062,0.26514538181852465,0.77552812406334,0.25455904781266225,0.84432966,0.23717092,0.8751827,0.22370309,0.0,0.0,0.0
short_man,84,0.90781605,0.30463153,0.22000852,0.44595867,0.21439244,0.42806292,0.7481773184827698,0.28082012335645845,0.7675062116839992,0.2690026983345116,0.84338987,0.25870702,0.88153964,0.24779929,0.0,0.0,0.0
snow_fox,12,0.8663129,0.33856094,0.26060238,0.5272602,0.27330983,0.51088744,0.7629934229709615,0.3636847889476847,0.7711728515864055,0.35671193146581337,0.8335226,0.33658832,0.85518116,0.3231694,0.0,0.0,0.0
snow_fox,13,0.9283389,0.31206408,0.31873056,0.5254322,0.3269086,0.5177461,0.8362959129756115,0.3564593663812226,0.8415917621558134,0.3545426167235848,0.8988996,0.3245203,0.9176966,0.31027398,0.0,0.0,0.0
snow_fox,19,0.9034898,0.34614232,0.37648866,0.47345766,0.3833261,0.4642799,0.8550266121512341,0.32273918711942284,0.8582137105768224,0.3179716011694268,0.89375126,0.30388597,0.90319157,0.29888764,0.0,0.0,0.0
snow_fox,22,0.90761876,0.2728976,0.3627141,0.48918602,0.36535314,0.48043713,0.8097022564853623,0.3217710530093787,0.8127861001072609,0.3191719687432926,0.8732972,0.28876045,0.8938917,0.27322403,0.0,0.0,0.0
standing_bear,11,0.8946347,0.23172595,-0.1168968,0.71410966,-0.110686235,0.6513415,0.5833684529405975,0.42254538214890247,0.6683341477858489,0.39032132511954026,0.77633643,0.34781802,0.8598096,0.28382728,0.0,0.0,0.0
standing_bear,12,0.788491,0.27143487,-0.12908587,0.697372,-0.12395853,0.62759966,0.4777093582406645,0.4335702116516408,0.5525117535281788,0.40105801323899143,0.65993315,0.36918342,0.74525005,0.31517407,0.0,0.0,0.0
standing_bear,18,0.8288839,0.31512064,-0.14885713,0.67218083,-0.1448495,0.61346596,0.49444401809005856,0.4298321286663403,0.5512473901336943,0.3994253999946364,0.6840783,0.37561473,0.77147347,0.32986614,0.0,0.0,0.0
standing_bear,77,0.89203286,0.28151244,-0.06117786,0.579218,-0.055988185,0.542249,0.5981879631409674,0.3411133453150737,0.6342212740443983,0.32189876978494103,0.78721726,0.29188198,0.8578121,0.26014596,0.0,0.0,0.0
street_greeting,11,0.8427273,0.35641325,-0.008008365,0.6065258,-0.014122969,0.53895724,0.6531024561840899,0.3956102480671452,0.702212389370538,0.3616277515978749,0.77339244,0.3607234,0.81998265,0.3311724,0.0,0.0,0.0
street_greeting,15,0.8442057,0.3890165,0.0005123429,0.5801541,-0.008864457,0.5324721,0.7007675882201015,0.3875848659237668,0.7342893022262633,0.3618720069704043,0.79405314,0.3619696,0.8269208,0.34239992,0.0,0.0,0.0
street_greeting,21,0.8675015,0.30538523,0.05160918,0.5279024,0.050168153,0.48873103,0.72620461993519,0.3287005565270332,0.7593223090106063,0.3097829712276336,0.8252076,0.29629,0.8572284,0.27570063,0.0,0.0,0.0
street_greeting,48,0.87049174,0.3388747,0.037198797,0.4379667,0.037611693,0.41366655,0.7757855428388558,0.27105493959167615,0.7911757354206557,0.2566368825269165,0.84173393,0.25979137,0.86081696,0.25890514,0.0,0.0,0.0
swan_ice,10,0.9243758,0.24268109,0.12041092,0.6709858,0.13560353,0.6270408,0.6312239333537257,0.41088289216678836,0.6775592508143032,0.390638200329182,0.7981379,0.34663847,0.8801172,0.2978977,0.0,0.0,0.0
swan_ice,13,0.82962406,0.27369294,0.12573698,0.65330356,0.1380632,0.604452,0.5144859983519472,0.40834095769105244,0.556076447583924,0.3893653409335206,0.6967896,0.34467387,0.77159834,0.311739,0.0,0.0,0.0
swan_ice,20,0.8838934,0.26422033,0.10188876,0.62847835,0.11347538,0.58788097,0.6448669341187313,0.3877600386548548,0.6775029030928147,0.3693634714726598,0.78756344,0.33214128,0.8485967,0.29257733,0.0,0.0,0.0
swan_ice,44,0.82920694,0.34415066,0.092453435,0.567665,0.10386501,0.5408552,0.6302671476827193,0.38509969665134947,0.6507657546566106,0.37080914366286916,0.75014347,0.35173365,0.7976422,0.3299655,0.0,0.0,0.0
tiger_leaves,23,0.8583405,0.31217813,0.33122587,0.45813277,0.33401844,0.4246993,0.7984105748069715,0.30278529464410736,0.8107886632429825,0.2849090134625056,0.8482585,0.280569,0.86114115,0.26680678,0.0,0.0,0.0
tiger_leaves,36,0.79149055,0.29736438,0.32699978,0.44035488,0.33071446,0.4111318,0.721822580973128,0.29849344454455107,0.7349362581054222,0.2849439344959763,0.7756159,0.27731627,0.79227024,0.2659231,0.0,0.0,0.0
tiger_leaves,78,0.91130304,0.23742837,0.37512603,0.42634022,0.3754354,0.405625,0.8330802337301916,0.25842465632092415,0.8444980006890455,0.24904899534787917,0.895442,0.22676429,0.9129485,0.21143718,0.0,0.0,0.0
tiger_leaves,86,0.9145098,0.24496257,0.3828287,0.4058471,0.38354528,0.38515776,0.8500540125600143,0.24594970978886802,0.859314688129664,0.2360781525324709,0.9031044,0.21957189,0.91675025,0.20867088,0.0,0.0,0.0
tourist_shore,12,0.8271644,0.36820078,0.3064357,0.58434415,0.31761086,0.53886396,0.6632527392525445,0.41738776365270486,0.6932093081815727,0.3936926358960137,0.7575732,0.38729185,0.8038452,0.3608501,0.0,0.0,0.0
tourist_shore,30,0.8987072,0.2858964,0.34387425,0.5135243,0.3459724,0.4856776,0.732486398403847,0.34636463482380137,0.7491243265974302,0.3317936743022412,0.82532454,0.31274727,0.86750656,0.2888025,0.0,0.0,0.0
tourist_shore,73,0.9052792,0.26022434,0.4190835,0.43723083,0.42195573,0.41925797,0.7963201550771343,0.27806330016880965,0.8086566723342759,0.26726717796607447,0.87068903,0.25192738,0.8978864,0.23714703,0.0,0.0,0.0
tourist_shore,82,0.88881165,0.3390243,0.38932067,0.437756,0.39270443,0.41747302,0.7996706655962571,0.31130541400604694,0.8096394627481963,0.29786655877372503,0.8615656,0.2997334,0.8823012,0.29308686,0.0,0.0,0.0
traffic_santa,10,0.8278887,0.30468044,0.019389614,0.6158762,0.039292764,0.5688219,0.5576854663214059,0.39957816623656395,0.6043613015426252,0.3796015337133363,0.71160144,0.35419384,0.7832438,0.3210894,0.0,0.0,0.0
traffic_santa,14,0.7293277,0.3492482,0.052167155,0.581689,0.06813609,0.5370195,0.45016156241262384,0.411042838097676,0.4859244223548341,0.39213973620367465,0.59018725,0.3790092,0.667045,0.35465887,0.0,0.0,0.0
traffic_santa,16,0.8063546,0.31109336,0.032770522,0.59787464,0.048076626,0.56077904,0.5128868717734454,0.40508819834358134,0.5483823197872714,0.3898895806808845,0.6685614,0.36353928,0.7461091,0.33424708,0.0,0.0,0.0
traffic_santa,23,0.8108252,0.3079036,0.05297122,0.5748176,0.06854279,0.53625536,0.5707593540380906,0.3749491116109549,0.6072155435086432,0.3572979310790739,0.7095517,0.3357792,0.772216,0.3088564,0.0,0.0,0.0
two_bears,10,0.85008043,0.26425996,0.14546262,0.5989638,0.14285849,0.53286195,0.6562982953291762,0.3633828939842866,0.7164062573870648,0.33868124685853807,0.7780627,0.3127043,0.8332163,0.27600577,0.0,0.0,0.0
two_bears,20,0.8942872,0.28629363,0.15418336,0.51653516,0.15311533,0.46682432,0.7482954804307512,0.3188807618158257,0.783891096122085,0.29199268764269487,0.8431613,0.28341994,0.8794514,0.2558183,0.0,0.0,0.0
two_bears,28,0.80781573,0.26262778,0.1734772,0.49790943,0.1707913,0.4581732,0.6732813694196115,0.31053120158651937,0.7060250269069313,0.2916383522586212,0.76830894,0.27390954,0.8016616,0.24890621,0.0,0.0,0.0
two_bears,72,0.9042801,0.25536817,0.18419951,0.4521915,0.18452421,0.42211586,0.786692994789927,0.26545203986850335,0.8152899416375887,0.24802359335384833,0.8714264,0.23319694,0.89880896,0.21423726,0.0,0.0,0.0
walking_bear,12,0.8433411,0.27544147,-0.034951232,0.61199534,-0.035991233,0.550442,0.4867388045069524,0.3613313036137418,0.5545156062668535,0.33381868638646645,0.68651164,0.30831024,0.7915487,0.26827312,0.0,0.0,0.0
walking_bear,22,0.7416995,0.27339396,-0.13220638,0.5517503,-0.13770673,0.5100476,0.4807219989271389,0.32921863915061494,0.5217938106062482,0.3123577857301006,0.6441151,0.2868257,0.7065139,0.26093695,0.0,0.0,0.0
walking_bear,23,0.7741942,0.29498723,-0.10731894,0.5307885,-0.11128468,0.48956707,0.47342573452448455,0.32258905180885167,0.518278905670076,0.3040317119001059,0.6515247,0.28555885,0.728286,0.26264337,0.0,0.0,0.0
walking_bear,39,0.7788191,0.27215713,-0.11185372,0.48602095,-0.1145582,0.4613635,0.5146007404763199,0.305308231509279,0.547792470787402,0.29379745625654774,0.67252547,0.27167177,0.73552036,0.25315037,0.0,0.0,0.0
wet_bear,10,0.8321757,0.36726168,0.10698217,0.6240472,0.12284444,0.581927,0.6947776912210513,0.40670083412915153,0.7244543124448025,0.3891870868604971,0.795394,0.37233123,0.8261799,0.3505287,0.0,0.0,0.0
wet_bear,43,0.85931677,0.34583452,0.25313696,0.50736374,0.2672783,0.47582498,0.777695254691109,0.3330670793220385,0.7936467801775245,0.3173650122202712,0.8522151,0.3140179,0.8695963,0.30440244,0.0,0.0,0.0
wet_bear,47,0.84784186,0.39017424,0.2886951,0.49937165,0.30444926,0.46849966,0.7712180032724597,0.35581947912048884,0.7865575620564602,0.3388144637433142,0.83632344,0.34390625,0.8536319,0.3364427,0.0,0.0,0.0
wet_bear,72,0.91999185,0.2846904,0.237903,0.51140773,0.25166228,0.4844148,0.7878522889494141,0.3205555346769694,0.8051231317148534,0.30579366571850597,0.881145,0.2878995,0.9112787,0.26752475,0.0,0.0,0.0
white_hat,12,0.9051078,0.33776078,0.034588538,0.68039495,0.05514492,0.6280744,0.5865212173537221,0.45549363645538743,0.650986121837904,0.43241257640103015,0.7714081,0.40522453,0.86180013,0.3662148,0.0,0.0,0.0
white_hat,19,0.9452882,0.26335225,0.06907721,0.6251308,0.08489692,0.5820441,0.7060701463335873,0.3795524781740468,0.7491401596100188,0.3590879726106482,0.8575358,0.32420483,0.91739273,0.28368837,0.0,0.0,0.0
white_hat,27,0.865727,0.32421127,0.1075425,0.5941174,0.12056504,0.56272185,0.6271641876730035,0.4017261896650217,0.660774247530034,0.3882723503122949,0.77240217,0.36301577,0.83436793,0.33750623,0.0,0.0,0.0
white_hat,79,0.9250269,0.23914526,0.12384647,0.5273675,0.13485172,0.5032422,0.7293058277949573,0.31463813392829526,0.7566536411292589,0.30120168191056823,0.85682267,0.268272,0.9037002,0.2387062,0.0,0.0,0.0
young_cowboy,11,0.81439394,0.33635333,-0.08872434,0.5674124,-0.08018756,0.51503205,0.6321111038942394,0.35428359727092706,0.6850818742588265,0.3273472204490983,0.7480131,0.31726855,0.7938412,0.2889893,0.0,0.0,0.0
young_cowboy,18,0.86947376,0.2479142,-0.057347618,0.54489595,-0.051945955,0.5203806,0.7493065004679083,0.3230005538938679,0.7767534690908269,0.3122206617777673,0.8327827,0.27252698,0.8584544,0.24173903,0.0,0.0,0.0
young_cowboy,19,0.8376895,0.29137698,-0.11644428,0.54678994,-0.10867767,0.51812506,0.6689269329687454,0.3401463165660093,0.7047426023812481,0.3264865963985991,0.77617216,0.29769537,0.8153135,0.2714524,0.0,0.0,0.0
young_cowboy,68,0.86476177,0.3183898,-0.0876407,0.52022284,-0.08488508,0.5049944,0.7643783387480491,0.31484272527372004,0.7822822723160703,0.3072725356176835,0.8348669,0.27797475,0.85509545,0.26208922,0.0,0.0,0.0
