content,dist_type,dist_level,prior_cc,prior_jsd,artifact_nr_cc,artifact_nr_jsd,mixture_nr_cc,mixture_nr_jsd,sctas_nr_cc,sctas_nr_jsd,artifact_fr_cc,artifact_fr_jsd,mixture_fr_cc,mixture_fr_jsd,sctas_fr_cc,sctas_fr_jsd
bikes,blur,10,0.784048153131678,0.294940448040712,0.17464879414888868,0.4820370500962578,0.6553480496031454,0.3788101268102605,0.7663321589464533,0.3308998746197366,0.14612115007044962,0.48557206323456104,0.6498888294495557,0.381243939168919,0.7381930187291209,0.3503982947371516
bikes,blur,20,0.7163162070751923,0.24312523352001392,0.1079469108501875,0.4620175790175176,0.5238656128367196,0.32446628646315756,0.6812434906411313,0.27207707332905023,0.10024643283063196,0.4734640724695009,0.49831244857353985,0.32812064874606783,0.6227942055428,0.2925289356011175
bikes,blur,30,0.6324347139907714,0.2697583124303466,0.055021881844683165,0.43500515112564203,0.43331686963729804,0.3040138232021732,0.5896074628863366,0.2681061135717006,0.05864535999391542,0.44806513958553756,0.41733695932088466,0.30889862500643495,0.5344645571580684,0.28169729274722033
bikes,jpeg,10,0.7783134474637722,0.2358043818526418,0.15772576943989475,0.4959894935388318,0.5384283776094189,0.32560787842542205,0.7345650751918329,0.26521836841380064,0.15167004052323996,0.5484740610099356,0.4850637195852614,0.3380262891619208,0.6727441224109918,0.28124621870224314
bikes,jpeg,20,0.7074141850422865,0.2530470135149187,0.14174032795204186,0.4942879717042298,0.5091655013886849,0.3391997836404665,0.6752202583157031,0.2838242762250927,0.13980692722472698,0.5281912537859746,0.47428583084338516,0.3459527349028304,0.604586344385044,0.3060608280192295
bikes,jpeg,30,0.6314767081203161,0.28138737961156174,0.08677463718632292,0.45989169894771176,0.4497181467533764,0.32727475915102167,0.5979381593213307,0.28781747303973704,0.08848766764214103,0.4768536862547224,0.4312880566861381,0.3316362977303619,0.5447498726807587,0.30238501417410363
bikes,noise,10,0.6584379417000089,0.3253758423402881,0.042645372678104705,0.49519325474885423,0.6483535651098018,0.4029366124609278,0.6588305509459664,0.35878497332076326,0.04253400546902442,0.4952202464907649,0.6496404069785331,0.4029624814755435,0.6578982573284684,0.37520671565222397
bikes,noise,20,0.7295803363642975,0.2678433918734488,0.13197493330594479,0.4202575466748928,0.7136141949494037,0.33005799668887237,0.7314842722252086,0.2912620200398594,0.13949388060420992,0.41970989667887776,0.7131210701739247,0.3297546702666739,0.7293447426791353,0.3048481683138611
bikes,noise,30,0.5969686548094286,0.31174762970549047,0.01946317096987133,0.4310742532582083,0.4596432496004608,0.3422179136010532,0.5691684565240355,0.31439927998240347,0.02305152405685494,0.4366487432870749,0.4443228887069057,0.34379994582514656,0.5333009723166184,0.32379960731550606
lighthouse,blur,10,0.5748703347356972,0.32150454377884086,0.010136979734586087,0.5460875209934731,0.36474842449560274,0.3966078884165533,0.5266495745101963,0.3459929952114724,-0.0009590063433034327,0.5559369788384843,0.34964746919375,0.40153268195605835,0.47026793887468227,0.3666397307743296
lighthouse,blur,20,0.5574068728777928,0.342878293880725,0.09912985029037417,0.5612181826226436,0.388418623939946,0.41445811431573115,0.5220985462460116,0.3667580116433738,0.08050355465120722,0.5806364711272256,0.36223318511276703,0.42169515324749646,0.465330943122924,0.3873985264816071
lighthouse,blur,30,0.6865076371393593,0.291168625737584,0.18292938379980525,0.4876360266021958,0.525525026265372,0.3314915375166243,0.6616678761956448,0.29243026229789165,0.17966506918686354,0.515185602181057,0.49963391886621994,0.34486006423970883,0.6073138199625048,0.3131356529991319
lighthouse,jpeg,10,0.5233828200496078,0.328930613191666,0.20284655219554606,0.5898083523803641,0.40174336500380803,0.3858242410836093,0.5200893742970543,0.33451436383764827,0.17986718259041712,0.6667221489122406,0.3536096124717061,0.41336910397017773,0.5014037467053146,0.3428533400874674
lighthouse,jpeg,20,0.5068963005595621,0.35637423826933723,0.04252915349787105,0.5949053982181073,0.3011585749781661,0.4385642280909454,0.4485571980749421,0.386294952096961,0.03611892776687173,0.6334079511842545,0.2707637375286101,0.45081210222595225,0.376418623293059,0.4117127916759828
lighthouse,jpeg,30,0.7328924766984526,0.25053152874675716,0.27665271999699176,0.4761430462516441,0.6136548406469575,0.2988657659275446,0.7291639130234591,0.25211623436003866,0.2755581027795884,0.5039268927093623,0.5905637838139168,0.3092054468877501,0.6873462557920573,0.27249983650414134
lighthouse,noise,10,0.44427080728509977,0.36711554709482586,-0.0654097276822384,0.4580147210136351,0.43124738312681377,0.38361509643042596,0.4414514308725228,0.36354944673418604,-0.09089576577287778,0.45954086330067534,0.42922649666939594,0.3840891492825553,0.4379664214567106,0.3695006595107724
lighthouse,noise,20,0.4883506708533273,0.36461604633777783,0.013246148472131337,0.454180028386303,0.43696188995397556,0.3756391111886332,0.4768788358863234,0.3574919195490135,0.008687265812874535,0.45840118777017597,0.42382643017220933,0.37785953299015085,0.4611615645392869,0.36381678894980446
lighthouse,noise,30,0.6327118764391381,0.3032180851949079,0.10301383954798585,0.4983854309290004,0.47931346586059315,0.36797448679095107,0.6014802358756665,0.32408068832273523,0.10092634659213033,0.5121843550364479,0.4523924324160903,0.37294210487178864,0.5523604997043505,0.3418137498611632
paintedhouse,blur,10,0.5795589538966317,0.4592978989517931,-0.1110224021872344,0.6167810378618106,0.5104637345185024,0.5232966251590196,0.5742035404307753,0.4851789647166069,-0.11535556754588586,0.615084773654676,0.5188483108761736,0.5229158169823866,0.564818165395517,0.49872691373130795
paintedhouse,blur,20,0.8017755598389922,0.23730948085746723,-0.1710933558875555,0.5753443856474525,0.4221745683683949,0.37583417338177916,0.7530471243812111,0.29143162698145814,-0.18061127543900413,0.5886301518462357,0.38550383868657834,0.382426943271779,0.6959218400769179,0.3124922586403793
paintedhouse,blur,30,0.6235592851398137,0.27283841904171185,-0.10472719297230776,0.4982509265732306,0.33727609100028094,0.30645561631489576,0.5929179198112096,0.2545773575143861,-0.10783755136424794,0.528794624827735,0.29731170681655317,0.3188523689282077,0.5597394270433176,0.26403609515981186
paintedhouse,jpeg,10,0.7460858344933015,0.258925594611939,-0.09750476542611751,0.6003805984441783,0.3556147927710859,0.3779954647428693,0.6913756969253612,0.29591275535095957,-0.0986587379695297,0.6622038448420376,0.2877104073152255,0.39813566703127173,0.6658587957654203,0.30272957238403014
paintedhouse,jpeg,20,0.7134236106589137,0.3055593234499043,-0.10839047537754767,0.5902958119551189,0.3478555906041656,0.396295886759363,0.6637746372772978,0.32863586585733917,-0.11132779301288001,0.6354402257091377,0.2880393753608546,0.4120866278206863,0.6270464856828921,0.33877219126273256
paintedhouse,jpeg,30,0.5943799632097091,0.274894674372746,-0.0978043777632257,0.5249850265045863,0.3011866176005411,0.32619419546471,0.5591642526846445,0.26745147499023364,-0.09420161727537871,0.5656652463695548,0.26113625907224935,0.3410328909224529,0.5218267445126262,0.2788556025985076
paintedhouse,noise,10,0.642759246037687,0.3897034215312388,0.08334956227661061,0.5060145277281334,0.6277837166772999,0.43015899968552107,0.6408923263113424,0.40224454893973655,0.0872186499273322,0.5058897120917798,0.6274038950782004,0.4302908301123721,0.6380317182195122,0.41180218953387276
paintedhouse,noise,20,0.7428047058862657,0.28100907482015547,-0.1292362742251692,0.4917853530129086,0.6586640940774235,0.36810495290573314,0.7358681672826138,0.31471036135850694,-0.14462481172852074,0.49895827207276805,0.6408422654210034,0.37155932485164683,0.7174854803885169,0.33616787769503453
paintedhouse,noise,30,0.752104193161859,0.27658157094948876,-0.14067753448779285,0.5050112631764463,0.5337296660267675,0.35922277152381743,0.733143012255574,0.3021979677798561,-0.15052725208444867,0.5249308390718218,0.47664738390964523,0.36792070598451304,0.6686434378121591,0.32738192108207165
rapids,blur,10,0.7362829582944939,0.35100030110223096,0.3321848725238462,0.5070886860914227,0.6480504665315315,0.4088101891331926,0.7338972842990197,0.3728344028505281,0.31195346229876686,0.5128390974640222,0.6346123715827897,0.41103275814823703,0.7071556955214958,0.38676622956903095
rapids,blur,20,0.7931226975454461,0.3100070844809534,0.3285384190330705,0.5071190327995677,0.6759511648724557,0.39053678087885996,0.7779990533452705,0.3433491191566134,0.3187484490754898,0.511879300497061,0.6611704778970646,0.39100241821636195,0.7440250802094233,0.36037055602125684
rapids,blur,30,0.8577497065389978,0.20541759625040745,0.36460601871339604,0.40236795713370255,0.7358527491669,0.27416585979914765,0.8384279297297855,0.2262869765990511,0.3590556312552791,0.41458667843985714,0.717703730165097,0.2788028711973625,0.8013827468279187,0.24557311151890132
rapids,jpeg,10,0.7902399903745249,0.2976545443493269,0.31273346292456633,0.4965423486844512,0.6534488055936413,0.3664134217195425,0.7707960543930396,0.3215018321228941,0.2971682537520995,0.5263109190660552,0.6139582021223591,0.3709592877566752,0.7156176557045549,0.33841558406587974
rapids,jpeg,20,0.6923735383938174,0.3123475718501039,0.22932501528651417,0.4996029167589574,0.5633271344358248,0.3851643845861592,0.666568370560505,0.3402657028488937,0.21947643172905262,0.5114352927938212,0.5410044642883295,0.38815642984499504,0.6252912908484536,0.35786609594916113
rapids,jpeg,30,0.8232863200580554,0.2358959616053732,0.341043229387504,0.4473585684863347,0.7142857057350103,0.3200929165657964,0.8095596376525325,0.2682743648443048,0.3329102050003431,0.4558161995336069,0.6945970508145077,0.32115475396207166,0.775549509909512,0.28681472677718295
rapids,noise,10,0.831662985902389,0.281985104544189,0.22938851037214056,0.5015864618633722,0.822671786144421,0.3819252961296567,0.8315780946225702,0.3255314399260117,0.26430057503666765,0.4995686699591928,0.8242653626175547,0.38103781935548753,0.8307377532685489,0.34589278106697713
rapids,noise,20,0.7743955210484561,0.2779831760266733,0.3451380885246451,0.43472854997464977,0.7559391312902279,0.3356552491988131,0.7756662938240253,0.2969682924159765,0.3574132019470071,0.43195679880810717,0.7532202912249906,0.3342243912434722,0.7721382868017957,0.30936529054267364
rapids,noise,30,0.8402810070904103,0.21495738394971103,0.3900470311523939,0.3551738310338942,0.775681303554803,0.24600478971878625,0.836988660635666,0.21329950838040634,0.39226369262849525,0.359868855857988,0.7621922795415633,0.24765004205198926,0.8181355887657726,0.2239566439349831
stream,blur,10,0.5696619060373374,0.4558007502463667,-0.0846159942908156,0.5952224984937532,0.40336499369941753,0.5172900580194973,0.5379673219711409,0.48250833852887937,-0.08954125088779882,0.5931829527317773,0.41325351383114256,0.516667580562669,0.5097004356139021,0.49495290730673436
stream,blur,20,0.7236056662085958,0.2646744159214065,0.01375225025969895,0.45486118842156176,0.4662133962257059,0.32816659659799124,0.6723298182381672,0.28430468680747445,0.007943057182716094,0.47588619548135613,0.4270306113980902,0.3357103743075527,0.5874592549771703,0.30332339968090993
stream,blur,30,0.6697991995296444,0.22570477484784357,0.1214294232474045,0.3997481510589412,0.5033091129658159,0.27352121538878826,0.6517305389838908,0.23479881102132935,0.12006176857349173,0.42469599878567754,0.471195359751188,0.2813222644038239,0.5935175418092222,0.25074689605035266
stream,jpeg,10,0.6584553014672714,0.25124614289773983,0.014770636876861185,0.4790078592364736,0.37274233421139324,0.32375749730993364,0.5910731581681102,0.27267533921911635,0.012303458903511255,0.5306909675777639,0.3297106202572448,0.3396417499564163,0.5257803099327497,0.2893775989704951
stream,jpeg,20,0.580950267481225,0.27829260709181686,-0.0214082376510832,0.4625376303467366,0.3251570706681792,0.33517064851657535,0.5186178518678042,0.29410271258096937,-0.029845543110248535,0.49835481243909463,0.2837246175028189,0.3491730251628941,0.4448543460088763,0.3123688899054918
stream,jpeg,30,0.6739563253749681,0.2503367565702724,0.08631562822162013,0.4128625665670757,0.46983679373340237,0.28697913166719746,0.6418861469982566,0.2529570436581764,0.08221906459123005,0.4435423688700578,0.4329917079304681,0.29855163956475966,0.5692619690238387,0.269721270031804
stream,noise,10,0.7000803376237706,0.2964570643312195,0.011629424421422847,0.4030459490754292,0.6920031347236745,0.3303749728603989,0.7018588195443431,0.3055291620839598,0.003355447685358108,0.40320716741052637,0.6954917545433833,0.3304745526631472,0.7020599496972765,0.31371431915752895
stream,noise,20,0.6309136590790799,0.37114403078975283,0.0022520064958353424,0.4823879940120771,0.6132780815296941,0.41570064745890756,0.6302107618589804,0.38882148024668933,-0.013671276690933341,0.48346730424455275,0.6125536399571296,0.4162074166714736,0.626936446458991,0.39869982052317654
stream,noise,30,0.6352067647248614,0.3134252857237274,-0.03775139561700353,0.44937712773763766,0.5031931586756266,0.3653865638011705,0.6090430226978825,0.33267379250887136,-0.05158544108671044,0.456700427661021,0.4755843195301321,0.3687402408718904,0.569446183733688,0.346254031230648
womanhat,blur,10,0.8259320685672484,0.3957817730370038,-0.06984574884308123,0.6197677427923807,0.7098765123935648,0.48653239234292417,0.8160960229239165,0.4320181872758354,-0.07638171755249658,0.6196415868346609,0.710879579848593,0.48667340920337376,0.7966053654485191,0.4517927327600764
womanhat,blur,20,0.7863240432658212,0.35272452355053324,-0.15726195339008153,0.6222692308857495,0.5229787701299454,0.4554560707738461,0.7460776778633539,0.39187019402917117,-0.16067082300083865,0.6268470238000147,0.5056112697883383,0.4577228119123521,0.6857351321705747,0.4160099023929863
womanhat,blur,30,0.7085172474934018,0.33298250398140655,-0.1159838378094682,0.5890362932234212,0.4689114393107039,0.4124402459773659,0.6752112102255441,0.3549087023373834,-0.12215574025237046,0.5971820677414328,0.45118394845167553,0.4158070185505109,0.6180967270181861,0.3762855754930278
womanhat,jpeg,10,0.7757487519765416,0.37192799946698896,-0.09057863164767178,0.6867083843034805,0.4186212601436078,0.4927040305519443,0.7070334979824836,0.4210324915697061,-0.08883794046325613,0.7189186694195512,0.36333842662691607,0.5028477725098678,0.6334869630018672,0.4405848871982768
womanhat,jpeg,20,0.8086719468946192,0.34045287735000673,-0.06727477797589677,0.6416720131985002,0.5034481162994867,0.4441557768256968,0.7617370116926053,0.3767359193811473,-0.06701250640962733,0.6667586053626021,0.4637376821895015,0.4516080245661974,0.6699326431051624,0.40470414615805544
womanhat,jpeg,30,0.7607205647057046,0.32761330154678586,-0.09004469052872785,0.6045887730524977,0.4728463849457097,0.4095942313166744,0.7147162036146804,0.3488468270287334,-0.09008139924809218,0.624467879854013,0.44500718595733885,0.41616236098823683,0.6360513434415775,0.37310280476240393
womanhat,noise,10,0.7989899347136569,0.31750938762756964,0.030210178881858143,0.5034694056712571,0.794003207526019,0.3880115087553476,0.798961287275695,0.3433135072369924,0.017618053067458134,0.5039269239755121,0.7939874109418023,0.38829405892360896,0.7980212180354932,0.35916945294906305
womanhat,noise,20,0.7438959705947048,0.31078309131118015,-0.08945186596430527,0.5179227573661711,0.7062022994846928,0.39007551272952,0.7388899450095484,0.34039690840060294,-0.09398144953486709,0.5181777206371744,0.7052223589981054,0.39053309810095194,0.7319962793842183,0.3582419690237012
womanhat,noise,30,0.7714236527766702,0.3033175958453041,-0.058497434925627353,0.46226888446784786,0.6715662226834302,0.33088638670270004,0.7632780499629543,0.2987004347240105,-0.0615271224606143,0.46598812552724955,0.6614527366322901,0.3325483989414677,0.743052338415806,0.30846192155929025
