content,dist_type,dist_level,ridge_cc,ridge_jsd,mlp_cc,mlp_jsd
bikes,blur,10,0.6089521245663845,0.45138400683992047,0.6273062642378228,0.3902681979810767
bikes,blur,20,0.6535196443813109,0.3719561813386746,0.517112897730325,0.34494300265256617
bikes,blur,30,0.5881288826183801,0.3119406357789407,0.3932692747401762,0.32715190010151235
bikes,jpeg,10,0.6552958109116758,0.3739362302009909,0.5984318271675021,0.34155284678151904
bikes,jpeg,20,0.6286923089768007,0.38129830683923127,0.5922146424996216,0.34427702722061565
bikes,jpeg,30,0.577805525826818,0.34335496912473185,0.43388146925756577,0.35354651125451575
bikes,noise,10,0.5518429750166752,0.4627498512248064,0.49139392731250564,0.4211476960054245
bikes,noise,20,0.5436443708577844,0.39332026213524246,0.5404434445464827,0.3678299233580736
bikes,noise,30,0.6230491607342157,0.3655807319990118,0.3099683135574068,0.37922444853949666
lighthouse,blur,10,0.4242002693458417,0.4149811540906309,0.5045147617057004,0.349936271463634
lighthouse,blur,20,0.45179857169981363,0.4549029737501052,0.4909132709293702,0.37660141296060856
lighthouse,blur,30,0.5702491480502085,0.30621953841579974,0.5465163066155284,0.289198294205861
lighthouse,jpeg,10,0.33833249847651437,0.42878625883365046,0.5184218294704419,0.34804126362805204
lighthouse,jpeg,20,0.5247418845219878,0.43579500389442,0.4623874537185588,0.38661989247373385
lighthouse,jpeg,30,0.5368294352477974,0.3518688082332251,0.6113104768721188,0.28843984639161047
lighthouse,noise,10,0.35997340333942546,0.43421262480511813,0.5720569229788098,0.3756891572915782
lighthouse,noise,20,0.4667582059287716,0.41649300702589137,0.47006906921416824,0.3729573840774
lighthouse,noise,30,0.5400402205704513,0.4148207394695542,0.5374441094432807,0.3359308613127385
paintedhouse,blur,10,0.36594246841806316,0.5724053511530104,0.6072215119960637,0.48517386426112746
paintedhouse,blur,20,0.4478281197296191,0.3986642499408457,0.6846103099356556,0.3088019509629436
paintedhouse,blur,30,0.47895584242323275,0.27756567517418396,0.5806199773068668,0.2650425535765245
paintedhouse,jpeg,10,0.5442343620977452,0.38117745841083533,0.6876772712104945,0.29243703909614926
paintedhouse,jpeg,20,0.5304902121199075,0.39634720903505466,0.6899659282519954,0.3161465719214749
paintedhouse,jpeg,30,0.30050150009856164,0.30422385823405074,0.5166534228930074,0.28688216285846363
paintedhouse,noise,10,0.4799030821585422,0.48692735337793414,0.5636340386357777,0.4331380047490209
paintedhouse,noise,20,0.43576815107740474,0.44040906561011306,0.6633973529791931,0.34266027031525914
paintedhouse,noise,30,0.4811061603705623,0.3992671356062039,0.6330291445386046,0.33147470738181034
rapids,blur,10,0.4265933152241121,0.5368835989086662,0.6580248986093424,0.4327323299292431
rapids,blur,20,0.4896665439912083,0.5227431359827116,0.6526869857850514,0.4335853331378117
rapids,blur,30,0.5994825581616029,0.3754230254154425,0.6440499044282051,0.3227266596753812
rapids,jpeg,10,0.4701907960847963,0.4898973680505845,0.6503691433071508,0.40946577039377274
rapids,jpeg,20,0.47951337895176954,0.48525710930440225,0.6441975532315899,0.4043626070490157
rapids,jpeg,30,0.5248878656274378,0.45133652182364575,0.662311816954414,0.3774275574529663
rapids,noise,10,0.5015148470496276,0.49023975236864514,0.6477105681721798,0.4062521116183998
rapids,noise,20,0.493312523728321,0.43844051983961607,0.6136397485243419,0.36456980502098774
rapids,noise,30,0.5396730787640984,0.35359398550175364,0.607258105940741,0.31202984165714587
stream,blur,10,0.3030940057210506,0.5418090496826896,0.603998225592389,0.46711868836751447
stream,blur,20,0.40742499102701263,0.3619075436494215,0.6807359986040171,0.2869876346179562
stream,blur,30,0.42842893987955877,0.3150884434168976,0.5664789366135413,0.28689302861347565
stream,jpeg,10,0.43298962210838116,0.32896757365926566,0.530422113995393,0.30018295461020766
stream,jpeg,20,0.2587978665426999,0.3345986484864264,0.5727560708200091,0.28780321247097124
stream,jpeg,30,0.3853815051213348,0.30457304992730005,0.5426635802660934,0.28067080026256475
stream,noise,10,0.4843327761532065,0.37592132446111703,0.6817313880441459,0.33290158882660165
stream,noise,20,0.40548723630212724,0.4596458956878545,0.6826748977454302,0.3850871299038025
stream,noise,30,0.4247814643577487,0.3990636857052231,0.5942454544918034,0.36065546789328873
womanhat,blur,10,0.6056242913682088,0.5621185663670988,0.7545151818157269,0.43723948619748265
womanhat,blur,20,0.5131443092525996,0.49698090027025665,0.6810293575443881,0.3929816031419039
womanhat,blur,30,0.4851497694709208,0.448201965853624,0.6048141647995035,0.35920513640724117
womanhat,jpeg,10,0.5223049606428968,0.5444389045626187,0.6812358141306172,0.43532947227707414
womanhat,jpeg,20,0.5604486611059354,0.4933145336831389,0.7226600269426584,0.38762591665066054
womanhat,jpeg,30,0.5222093590353524,0.4406884882108001,0.6702829551407854,0.36398384793954996
womanhat,noise,10,0.5506636132817042,0.48365871923427395,0.711960426523234,0.3817875849583238
womanhat,noise,20,0.4966258667323354,0.48343994905090704,0.6655968164193021,0.36717614012353517
womanhat,noise,30,0.5369617692212137,0.39550265391688205,0.6911824625832441,0.31994614079127903
