content,level,ridge_cc,ridge_jsd,mlp_cc,mlp_jsd
arab_mountain,18,0.7554496374631621,0.3379854875897404,0.9052598735436873,0.24225933167060823
arab_mountain,38,0.7835057821304473,0.3142031822652003,0.9111270113539214,0.21899074070908345
arab_mountain,47,0.6152652366893514,0.3158274537113468,0.888488869568241,0.21860233455583705
arab_mountain,64,0.710780061108796,0.318412362699398,0.9001312404135359,0.22721943624212776
bear_fish,19,0.815879231769979,0.3020506625210627,0.8782942657483159,0.21151977849631343
bear_fish,25,0.8030554965036283,0.31826173184529166,0.8935507486671914,0.22833227003576254
bear_fish,32,0.806572911685702,0.31748315122537285,0.9295582478365979,0.21790628329103148
bear_fish,64,0.7759342624176264,0.30216771865070907,0.8586717867058985,0.22583880475485207
bird_bushes,18,0.7140527320840119,0.33359499421772004,0.8602151366227841,0.24939578092040085
bird_bushes,21,0.6791069125440987,0.36341664303208415,0.8936844896206398,0.241324610984914
bird_bushes,42,0.6854100011405759,0.35029765331096235,0.8727350405004705,0.23356423744346994
bird_bushes,64,0.6182962890599712,0.3433168324784897,0.8350306836943884,0.2310630905431646
cat_fence,10,0.7084205596885278,0.43407089118750675,0.8457173677545214,0.29037174825204437
cat_fence,11,0.7773732073216236,0.3876078612208771,0.8769646754470408,0.2547762049907987
cat_fence,72,0.778566581838785,0.3217037334560641,0.902033210890989,0.24809615178970035
cat_fence,87,0.7913565222491321,0.31618678851144993,0.9358211233496694,0.22209214848510844
climber_mountains,10,0.6444234269645204,0.34344283046753177,0.7404611896067789,0.2780264604196816
climber_mountains,11,0.5815207756248018,0.36384762320246605,0.7894404367790331,0.27296784579824446
climber_mountains,26,0.7319275226468116,0.3331860058338457,0.8172865801878615,0.2433077680424954
climber_mountains,34,0.7207755946334669,0.30659775042130183,0.8062105013396474,0.23665356484419456
climber_sunglasses,11,0.6016572211785853,0.3690571260122059,0.7509703019304015,0.2767015873341572
climber_sunglasses,21,0.6677218737288788,0.32670785126940727,0.8305059035765746,0.24944256620583394
climber_sunglasses,35,0.5889337721966499,0.334977357880334,0.7596523029660778,0.2865691495465964
climber_sunglasses,47,0.7368934666932975,0.32389781553586117,0.8866256070526262,0.23231946469873008
cycler_hill,11,0.5301712940785422,0.3519874171653053,0.45201330810879425,0.35176516200554353
cycler_hill,24,0.3299927680131117,0.31510918740974764,0.44119197942279853,0.3314004343955059
cycler_hill,60,0.6308662322250393,0.2684979086587875,0.5035331093786088,0.276047735693882
cycler_hill,71,0.487955355103444,0.2961155321247322,0.49656808140815933,0.3072880527903672
cycler_ice,14,0.4609239778702897,0.3047769952357427,0.6992012562300945,0.24271293722573029
cycler_ice,15,0.6124464781064218,0.2715430015960952,0.764445987366254,0.1993894279787912
cycler_ice,30,0.3911307168066175,0.25560387231192777,0.5654527138235069,0.2368981805977129
cycler_ice,40,0.45335076199680596,0.22746045354323077,0.6997428342302782,0.19131371251955048
dog,29,0.5619049067710354,0.27507488503356703,0.738032836114443,0.3400692218078905
dog,33,0.7217641358552684,0.2725909407130263,0.8694975479538127,0.3563867437830972
dog,67,0.6763367182488794,0.287056469135133,0.8159667692860868,0.36895185432420474
dog,90,0.6577455557797278,0.2645552183961763,0.817605010797212,0.35082908858744233
dog_walker,22,0.7588119304112986,0.36122773928327734,0.7823047082747262,0.2961795684807306
dog_walker,27,0.5797268685602676,0.3347446812464258,0.6809068299906202,0.28315293476733594
dog_walker,77,0.4854985819936263,0.2810189060707861,0.6930183036854052,0.23625816630430774
dog_walker,87,0.6929315545429384,0.33777777456748254,0.8440328591634567,0.25631124073796485
fence_guard,11,0.6547706839831346,0.34166062430044786,0.7958887466690682,0.28147742096642486
fence_guard,15,0.6478470444717127,0.2972409210723221,0.7782581112867283,0.2731072113017501
fence_guard,24,0.5957252150458637,0.34546235748564064,0.6905180772869024,0.29889781429738527
fence_guard,50,0.7179714839610838,0.29936292963782896,0.782627275543075,0.2714488385785103
girl_boat,13,0.6531467999190154,0.5005909137105701,0.8304439806068937,0.3846647590620438
girl_boat,31,0.7981714559390365,0.44417208047274953,0.8848179767849679,0.3207332775078951
girl_boat,66,0.7357405436484831,0.38293236082859106,0.8549965491753658,0.29788838470516776
girl_boat,86,0.6594491515529786,0.3792564684277087,0.8050627961620215,0.3095477559933068
girl_car,12,0.5843469824830007,0.345622225633125,0.7086260640688258,0.255760193392693
girl_car,22,0.6137387334180251,0.3362089638335982,0.8023242658811935,0.22638714360899917
girl_car,27,0.4949419468217897,0.33768921256593637,0.7172362281303466,0.2555242843150775
girl_car,63,0.43238203647973206,0.29049539941696223,0.788399415626282,0.191498825150183
goalkeeper_boy,10,0.7240548629231217,0.36180229410784714,0.8786395159223259,0.2921339675494217
goalkeeper_boy,16,0.6930321519613099,0.3379882730543218,0.8563281690937861,0.31144368578905957
goalkeeper_boy,20,0.6822644422948718,0.3478361838298054,0.865045108034071,0.28066708223748477
goalkeeper_boy,62,0.6808802527408263,0.32399953789232083,0.8259756941651009,0.3015535659642926
head_statue,14,0.5997243593616952,0.33889385611753914,0.8244340998175546,0.2406031575837759
head_statue,22,0.6424226254269718,0.31665446016559456,0.8348511887128367,0.21372838117274082
head_statue,32,0.7094517804981891,0.2976237341845748,0.841518446467497,0.2203386326123203
head_statue,85,0.5865237892997124,0.2688971493442796,0.7655502260118707,0.2197261385135901
hunter_boy,10,0.7253700133364086,0.4142683138578029,0.8799279394428816,0.29284066577361145
hunter_boy,16,0.773289027600417,0.43405894549974994,0.8421702638829457,0.3059665826267632
hunter_boy,21,0.8475532269993477,0.41796869835660244,0.9024096447867944,0.27902515955076385
hunter_boy,44,0.7145893794167657,0.39993530154543233,0.9027059613812098,0.26981212657200354
kid_bucket,10,0.7633241043859331,0.4021161135861521,0.8640736650769443,0.3190026679784386
kid_bucket,22,0.7824338604511698,0.3945545733462659,0.8868538855284382,0.29095747350065454
kid_bucket,30,0.7691386053180744,0.3265405472796371,0.9043981067014172,0.27530872180577187
kid_bucket,32,0.8186477542584363,0.3802472864178036,0.9190893799448836,0.262350103453959
kid_rubble,14,0.6509234017268264,0.3436631629644224,0.8226211821404817,0.24715607359595845
kid_rubble,19,0.6368129397857274,0.2922163796962636,0.7914799144309339,0.22402535903477602
kid_rubble,63,0.6207594429137797,0.3262060297222239,0.8496862239851555,0.2127839507210532
kid_rubble,71,0.541782952247617,0.3323022351139512,0.8349798559273779,0.2210618768807257
laughing_bear,10,0.6982146526862442,0.40493458117925235,0.8059761780518804,0.25400357110936245
laughing_bear,11,0.7326419916787473,0.35337005447651076,0.8973429049379007,0.21107427924475
laughing_bear,16,0.6241036338312069,0.3397504598050932,0.7721075079431892,0.24430231705090086
laughing_bear,24,0.6849278664027216,0.31178990229979736,0.8790414352339981,0.1799292544450179
man_desert,10,0.7151211957519157,0.41113213745159716,0.9417923153665041,0.23486617659378609
man_desert,11,0.6355927267678084,0.41649294301437717,0.8919318194462021,0.25092553088256514
man_desert,16,0.7423208808404977,0.37664854049247914,0.9338589944385155,0.22128593436102809
man_desert,19,0.6911346042188511,0.4229118163101997,0.8986500359258435,0.24267735452854278
man_door,10,0.6872921221825301,0.38992030064272465,0.8860268441143971,0.2631082126027087
man_door,12,0.5959579280642955,0.4555959223894344,0.7099402920317534,0.3321442667277817
man_door,16,0.723822852730452,0.41716997061015343,0.9034155059503982,0.2671680679010473
man_door,22,0.7249582946826774,0.381904657100991,0.900173643875376,0.23291736498220716
man_weaving,10,0.5834307701484787,0.32958708625201666,0.5642861069304709,0.3060507846554052
man_weaving,26,0.568056740308811,0.2809509595054377,0.6876294509719063,0.2575120858020603
man_weaving,80,0.6030299530106086,0.26227982038345554,0.7284339155538635,0.23549598713322134
man_weaving,87,0.5145231507164756,0.2755121406731911,0.5877654509146649,0.2835362429193446
monk,11,0.8173198716023848,0.411303734054126,0.793229653090724,0.3550237234170528
monk,18,0.7651588417480385,0.4143770972454373,0.6245689126482876,0.428730376476338
monk,20,0.694563079634738,0.40362411266265763,0.6068864122346296,0.42341223932374733
monk,61,0.5966271312404124,0.3845010023679666,0.5721408978030342,0.39995219918009245
mountain_chateau,11,0.8201210576477813,0.39673345445611263,0.9077911349206613,0.2088676315158282
mountain_chateau,42,0.8208670233775865,0.3639199060338104,0.8589767804827485,0.21501790269065657
mountain_chateau,43,0.7920922504677773,0.3583525532925407,0.8435027341806003,0.24794214879706158
mountain_chateau,68,0.8041154570366922,0.3504169987402878,0.8501763746307168,0.23340418226620221
satellite,11,0.5764263607185751,0.3606548638237262,0.8184641861870271,0.27453791532994076
satellite,13,0.5599526052283643,0.3249659392899258,0.7831399170056892,0.24845745050481083
satellite,17,0.5694629586499246,0.29251465298183504,0.8278822639993758,0.2660526680046518
satellite,82,0.36629356657108153,0.26262787410324656,0.7016776743261438,0.2900416910192554
seal_ice,11,0.6737060901913438,0.41062531737945657,0.8534299415121849,0.2765478759520478
seal_ice,24,0.5593894240926149,0.3659193778127556,0.7972904976347399,0.27579039397755944
seal_ice,60,0.7329292500205046,0.3127708693182205,0.911329552012138,0.21392764486203972
seal_ice,85,0.6897256246263187,0.3303117261041703,0.8736429479311398,0.2500903420982911
seals_cliff,11,0.605181435827187,0.3233379323746009,0.6390491631996721,0.3272450301317271
seals_cliff,17,0.6948917357339153,0.3495414972961857,0.7717510213225747,0.3187946130848557
seals_cliff,24,0.7225326980326368,0.34216974337043293,0.677262907600362,0.3329288590016853
seals_cliff,54,0.7523100903734667,0.31955870575892364,0.7381171712396861,0.31484901640937
short_man,17,0.582672600244566,0.2892570377802792,0.8501088810417403,0.204562965767346
short_man,49,0.5709462219955015,0.3027491021519206,0.8262165435571545,0.1841624257598323
short_man,80,0.7449548498810252,0.28955953505267806,0.8725054015341666,0.1989583367735342
short_man,84,0.7080933644308385,0.2826757714179873,0.8891931036906817,0.1970646871811965
snow_fox,12,0.7276317095256809,0.40999253710435807,0.8554381865121345,0.29694835743892534
snow_fox,13,0.7909975208034584,0.45245345090733996,0.9085866174100262,0.316983108158974
snow_fox,19,0.7967521032849414,0.3939331355726971,0.8930807636845496,0.2713416297727472
snow_fox,22,0.7662499308254577,0.40599552489591373,0.8831213472113177,0.2849581305705026
standing_bear,11,0.7271361309623091,0.4471846235962156,0.9137144734660987,0.24515421726229344
standing_bear,12,0.6150552326517812,0.4035412087741821,0.8284514420825446,0.2784507814119989
standing_bear,18,0.6880114181718714,0.3545453829073243,0.8630924381508549,0.2609848807873344
standing_bear,77,0.6712766996979942,0.29825694971233446,0.8648115022927426,0.28693400229827865
street_greeting,11,0.5884765155353336,0.3299076753165725,0.8570751270839764,0.24244305223466261
street_greeting,15,0.5847130746799303,0.35953576941886833,0.8706442200113582,0.24622837357268648
street_greeting,21,0.6052556358887937,0.3391312727294855,0.8991152548296627,0.20910810476327152
street_greeting,48,0.6465005232322381,0.26244829753829546,0.900197235691082,0.1698792292812812
swan_ice,10,0.7353838866951299,0.4668927148030203,0.8935088826513379,0.28314071346835457
swan_ice,13,0.6236396420588796,0.42202143640771067,0.822380021499294,0.2718093721217093
swan_ice,20,0.733917860117909,0.3954076621508417,0.8993839027498743,0.23146619354681988
swan_ice,44,0.7235052069870604,0.33897738417324697,0.8361571189881015,0.24240788845539102
tiger_leaves,23,0.6973498254620367,0.2863002911849363,0.8471437521988915,0.35447536336904456
tiger_leaves,36,0.5904226578787561,0.30332769426136386,0.722269575195426,0.38546009030524453
tiger_leaves,78,0.6763505890547921,0.3364531557382182,0.8353704639103439,0.33035173115592764
tiger_leaves,86,0.6948364079731705,0.31263611296916816,0.824943565087246,0.3691729843160136
tourist_shore,12,0.7243007522352146,0.4036468398449628,0.7797920721975695,0.3719627480492
tourist_shore,30,0.7354473779683021,0.37107684120047235,0.8658006043460545,0.33148370693102713
tourist_shore,73,0.6807474030739779,0.3807171643199929,0.8860760480530813,0.3092387703142994
tourist_shore,82,0.6833255261020258,0.3110867804534328,0.8738279697385534,0.3875307133019483
traffic_santa,10,0.6220033565661226,0.34484236474042657,0.7228910744752213,0.2960460815495162
traffic_santa,14,0.4981896310720255,0.3371361742630474,0.6464893949470523,0.28973633156005907
traffic_santa,16,0.5731897145827298,0.360927437470224,0.7188444939670111,0.30593579772364016
traffic_santa,23,0.6747797415961666,0.34825255658048887,0.6937364641143179,0.3018687516495531
two_bears,10,0.6409098281854292,0.4331580699009008,0.7740379915341951,0.33418908945277676
two_bears,20,0.6863539368815801,0.3467143783903049,0.7596979971322351,0.2878574737946555
two_bears,28,0.5715329052861331,0.35057347749470186,0.5164942992361778,0.3172589622822179
two_bears,72,0.6854844068781552,0.32855381340345974,0.7799534392837717,0.2846010777830589
walking_bear,12,0.45860234914354825,0.3786838058439608,0.5992302089409307,0.34621519906445436
walking_bear,22,0.26231779310239667,0.3198323318845047,0.5047735631478825,0.2893918074316248
walking_bear,23,0.27806210872451503,0.30724200226243614,0.5277018732947516,0.3019894102568201
walking_bear,39,0.32502307658843543,0.3002138661635375,0.44578473677278413,0.3041689235114134
wet_bear,10,0.8165569801509598,0.37444678419381894,0.8703470801529627,0.2413163353253674
wet_bear,43,0.7489395506630189,0.2642815459781639,0.8375641173808237,0.2658070130407273
wet_bear,47,0.7365333226657768,0.29204687484301,0.8183488999690767,0.29819028614998205
wet_bear,72,0.756286568824718,0.3312062291070005,0.8844800733921206,0.2477392708307759
white_hat,12,0.7814754356875416,0.4583037072733129,0.8041180983718094,0.380668727091086
white_hat,19,0.8329861860590345,0.3999227616280517,0.8320526597225913,0.3158188178657799
white_hat,27,0.7152370910885248,0.42239040333422945,0.740222450821269,0.3523031446944671
white_hat,79,0.7707775395676651,0.37073177674947416,0.803274766889873,0.28545322514998417
young_cowboy,11,0.6435185661324274,0.37825881557599067,0.8399137858077619,0.268606539560791
young_cowboy,18,0.6855441289738344,0.41064856524177695,0.8238166489789365,0.2771698522211375
young_cowboy,19,0.668326921794699,0.3771991457858367,0.8333608376897796,0.25313138836035076
young_cowboy,68,0.6500215817774213,0.3914027041840187,0.8446171069377602,0.2758030990628992
