content,sctas_cc_vs_prior,sctas_jsd_vs_prior,mixture_cc_vs_prior,mixture_jsd_vs_prior,artifact_cc_vs_prior,artifact_jsd_vs_prior,mean_artifact_energy,max_artifact_pixel
bikes,0.9541626826038205,0.12091256231965815,0.7292145415247926,0.2217115044154012,0.1541738761208439,0.41861342332280244,2.5431318135815673e-06,1.7428674254915677e-05
building2,0.9798187729067089,0.10484252835406836,0.8448336216077911,0.20044903853174123,0.1531569923773769,0.3832951673399563,3.0517571758537088e-06,1.5396812159451656e-05
buildings,0.9245913645191344,0.09117748537374007,0.6418667947642561,0.18132790132118543,0.15379660517397076,0.36334675967567154,2.543131131460541e-06,1.5611027265549637e-05
caps,0.9244599705847387,0.16139201043379903,0.6167476739279679,0.287226570546522,0.07991589513746003,0.5386511468242277,2.543131586207892e-06,2.7066469556302764e-05
carnivaldolls,0.9286851161109269,0.15929565693454117,0.6169258035401648,0.2740938835395969,0.046593777505914896,0.497781586216363,3.359311904205242e-06,3.1194358598440886e-05
cemetry,0.9810300799274755,0.15192171713027935,0.8697764153250501,0.2596897353648456,0.32971413930250204,0.4584781379256191,3.308913164801197e-06,2.359444260946475e-05
churchandcapitol,0.9612582950872748,0.11798169711050385,0.7882563230531238,0.2160944163799556,0.31803828118415206,0.4182647268745834,3.1233407753461506e-06,2.0128796677454375e-05
coinsinfountain,0.975220581617409,0.1449847090212611,0.7989029087914843,0.263429401266131,0.008354761238063682,0.48947097607255585,3.051757857974735e-06,2.17869983316632e-05
dancers,0.9566809488326194,0.1434403801588581,0.7171053396645175,0.2553351378225562,0.061451150448864594,0.47302331458066404,3.572015430108877e-06,2.3517748559243046e-05
flowersonih35,0.9697654402000212,0.14685942186393447,0.7567451135158553,0.26076074761522267,-0.04926673131634386,0.4897534445273177,3.051757857974735e-06,1.4314563486550469e-05
house,0.9554113981142396,0.1065747507227692,0.7695564818760461,0.20378170911947105,0.31754971283723943,0.40237697099242753,2.54313067671319e-06,2.2989388526184484e-05
lighthouse,0.9545934432128647,0.13237947042915282,0.7479681847006867,0.24633116707886885,0.23024784341551693,0.4829489337226263,2.8935189675394213e-06,2.4154096536221914e-05
lighthouse2,0.9504972860604709,0.12934569791703718,0.7133112762070536,0.245437976743847,0.14158400959364456,0.4851084430483975,2.5431313588342164e-06,1.9732951841433533e-05
manfishing,0.9634297532647362,0.15274976415816505,0.7315801134903803,0.2733660638988824,-0.007914330449455529,0.5115494485242967,3.6011115298606455e-06,2.6402414732729085e-05
monarch,0.9540545518760986,0.11823008086439178,0.7887898859510205,0.22397999466105184,0.42437052872568326,0.4397370320179109,2.5431309040868655e-06,3.0274224627646618e-05
ocean,0.9634240473172745,0.1538115233519923,0.7469565866153348,0.27360815598995497,0.06404505365379354,0.5148363743203114,2.543131131460541e-06,1.7329666661680676e-05
paintedhouse,0.9127089129400974,0.17431334785030167,0.44319012614173914,0.30884438398630126,-0.2434629195628235,0.565781812772608,2.5431318135815673e-06,2.3973087081685662e-05
parrots,0.9744514655929716,0.10334141838662646,0.8809896412302265,0.19314193223019144,0.6249878146234155,0.36208937981745487,2.5431320409552427e-06,3.754378485609777e-05
plane,0.9527864915510392,0.1563487439756528,0.759408777752903,0.27609312777011547,0.30706587139202046,0.5300973048363457,2.5431313588342164e-06,3.3735650504240766e-05
rapids,0.9755492625817598,0.10176921182500137,0.8547376752686522,0.19087285714770896,0.4104530453554919,0.35871231113928015,2.543131131460541e-06,1.9199720554752275e-05
sailing1,0.9708954108960106,0.15075139026148354,0.7995388421503454,0.26160510191590325,0.16220630881763992,0.4792521970954389,2.5431313588342164e-06,1.8308990547666326e-05
sailing2,0.9521772979747061,0.0995448033949233,0.7985624318355223,0.19386759395472103,0.4884283250405122,0.39346365482209517,2.8935180580447195e-06,3.2717318390496075e-05
sailing3,0.9579834264880212,0.13244859556113944,0.784794482366344,0.2359391854078949,0.3532354438134018,0.429868816436926,2.893518285418395e-06,3.4256558137713e-05
sailing4,0.9698075497017656,0.09556447601749624,0.8477905398982076,0.18502200650876074,0.501339913711545,0.3632497156503575,2.5431320409552427e-06,2.3480737581849098e-05
statue,0.961179620447904,0.13398324652164587,0.7732263878654722,0.23968806194888134,0.2416214121891849,0.44337212161362416,2.893518285418395e-06,3.14868229907006e-05
stream,0.947966333012003,0.09564825577781236,0.695385980748826,0.1889489335986553,0.10566163681278118,0.3708062554491357,2.543131586207892e-06,1.5470393918803893e-05
studentsculpture,0.9827698518544653,0.11841914652970083,0.821610381920036,0.22710106395745205,-0.21462214378480804,0.4451964913355547,3.133224254270317e-06,1.2767894077114761e-05
woman,0.9503805821967874,0.13619104505646076,0.6881478452731387,0.2481352783954138,0.04555460014091664,0.4729095599016455,2.8935185127920704e-06,2.4644639779580757e-05
womanhat,0.9611167170835726,0.1444361146265312,0.6984875900069993,0.26845571082097647,-0.09682407011492046,0.5218373212761613,2.893518285418395e-06,2.7643400244414806e-05
