Dataset,Method,CC_mean,CC_std,JSD_mean,JSD_std,n
R2,Prior only,0.848715747,0.06473114416834276,0.29783027606249995,0.034715681173912355,160
R2,Artifact NR,0.1191976779425,0.14804251937670967,0.4976651029375,0.06275284258815915,160
R2,Fixed mix NR,0.7054202216478582,0.10496077721897053,0.32272840970288874,0.046045510931443066,160
R2,SC-TAS NR,0.8265147394374999,0.07346905472750025,0.28106203406249997,0.03725169984576223,160
R2,SC-TAS FR,0.7822992088749999,0.08689118585552791,0.3053235386875,0.04321745490684466,160
R2,LB1 (Ridge),0.6625690454540769,0.1100501222619349,0.347667310126471,0.05084207111542881,160
R2,LB2 (MLP),0.8005395613283955,0.10905636421739913,0.27445161001636087,0.05062133898959234,160
INT,Prior only,0.6952033301929755,0.09842875142260295,0.3039427818519293,0.054481607859327014,54
INT,Artifact NR,0.05882517610847534,0.1557110615204876,0.5053574896324208,0.0711666137750317,54
INT,Fixed mix NR,0.5357728624088685,0.14019022397518574,0.37085475391608363,0.059451974403921734,54
INT,SC-TAS NR,0.6702780235792892,0.10251465772670365,0.32411973014570883,0.05830470297310941,54
INT,SC-TAS FR,0.6312786306798773,0.10877466141273277,0.3403896355332385,0.058772379172319825,54
INT,LB1 (Ridge),0.49180130100873615,0.08905810383010089,0.4200800658067304,0.07256805540435746,54
INT,LB2 (MLP),0.5974758854957471,0.08862671436172238,0.35836742431131396,0.051459256681055096,54
R1 (stability),SC-TAS NR,0.9574778156743764,0.01742216716274904,0.13029859489410095,0.02348889403049273,29
R1 (stability),Fixed mix NR,0.7491175092073771,0.09113176996266617,0.23808064282545552,0.03516099528061151,29
