content,level,cc,jsd,entropy_free,entropy_score,centroid_shift
arab_mountain,18,0.89973116,0.3057524,11.696905,12.202898,37.218059306796846
arab_mountain,38,0.9254842,0.28690282,11.628548,12.212128,40.46283206978765
arab_mountain,47,0.8750219,0.25289664,12.029828,12.282073,56.09587761320318
arab_mountain,64,0.8997876,0.28035083,11.925041,12.225786,37.85776420476675
bear_fish,19,0.8356136,0.3576905,11.474644,12.290133,40.35792547855173
bear_fish,25,0.89023566,0.30297375,11.529907,12.233536,26.687385620110515
bear_fish,32,0.923422,0.32455203,11.355762,12.212617,23.032422168450548
bear_fish,64,0.82222694,0.33695748,11.603126,12.2978115,45.682453771790584
bird_bushes,18,0.89317346,0.30764595,11.671232,12.213561,9.009980271816241
bird_bushes,21,0.9242737,0.23895513,11.944074,12.103964,9.701833644998647
bird_bushes,42,0.9025003,0.2588929,11.687542,12.151065,29.22116893460816
bird_bushes,64,0.84354615,0.2895373,11.8509865,12.210506,25.853075806145053
cat_fence,10,0.8368862,0.3316434,11.584036,11.82635,43.55001114471465
cat_fence,11,0.8846946,0.27934697,11.549645,12.003199,28.219197843552184
cat_fence,72,0.8878355,0.3340056,11.540169,12.246753,33.967525109398224
cat_fence,87,0.93317264,0.30242553,11.584384,12.223241,37.01569245243938
climber_mountains,10,0.80044466,0.2796844,12.090555,12.238602,38.36300026860891
climber_mountains,11,0.81025946,0.26866692,12.2060995,12.17181,25.33134430166322
climber_mountains,26,0.81201434,0.268306,12.124358,12.256794,47.725532942329686
climber_mountains,34,0.844515,0.2772729,11.829604,12.322604,20.093436363081523
climber_sunglasses,11,0.74462163,0.3060487,11.955185,12.129241,49.697515740161286
climber_sunglasses,21,0.8896736,0.24749985,12.050134,12.211672,17.309083929351313
climber_sunglasses,35,0.7985274,0.3238045,12.044235,12.237653,32.666563688634135
climber_sunglasses,47,0.87091213,0.32163534,11.644428,12.257211,51.44048136861482
cycler_hill,11,0.8605366,0.22208773,12.094991,12.219466,9.931537006148451
cycler_hill,24,0.756718,0.30262384,12.120453,12.364159,38.898715529737615
cycler_hill,60,0.8469894,0.31965747,11.86209,12.440794,54.29852023932646
cycler_hill,71,0.8450453,0.2827172,12.010238,12.383648,7.620685172619068
cycler_ice,14,0.66502583,0.3112274,12.218937,12.400374,78.8635056010421
cycler_ice,15,0.7702343,0.28939694,12.118273,12.4642935,39.970111291061016
cycler_ice,30,0.5349362,0.35100982,12.126598,12.516793,61.66160567682797
cycler_ice,40,0.67023486,0.27183443,12.315321,12.570383,36.02510020816613
dog,29,0.7244513,0.30426532,12.161949,12.42186,34.65711523406068
dog,33,0.8744831,0.30645,11.842621,12.390783,34.334107261478586
dog,67,0.8080698,0.3316056,11.843611,12.3633995,49.286827267428116
dog,90,0.88021886,0.25460085,12.0481825,12.428604,40.76908245613692
dog_walker,22,0.8854878,0.24657673,11.98179,12.1329975,40.10370353315742
dog_walker,27,0.77609605,0.30523616,11.901337,12.237682,35.606735629041474
dog_walker,77,0.7512171,0.32410684,11.993445,12.426222,56.724094102291346
dog_walker,87,0.90745443,0.2387502,12.060052,12.2320385,13.564731076315214
fence_guard,11,0.8806487,0.25509077,11.938511,12.200396,16.989824962789974
fence_guard,15,0.8505259,0.3367776,11.755687,12.289101,27.12425412886448
fence_guard,24,0.8268094,0.27615047,12.091216,12.212325,13.820956145051877
fence_guard,50,0.8626056,0.31579798,11.669444,12.3388195,16.641480027718103
girl_boat,13,0.88533896,0.32214043,11.779052,11.507491,45.49535713400812
girl_boat,31,0.9320887,0.26177487,11.596219,11.717723,35.4993449609956
girl_boat,66,0.9376594,0.27410188,11.631207,11.993817,12.093506435823942
girl_boat,86,0.8962424,0.28191477,11.825179,12.036239,34.39043108243281
girl_car,12,0.75104195,0.2972883,12.134578,12.26174,37.43707461388584
girl_car,22,0.76992023,0.28699306,11.939045,12.29347,26.913197324212014
girl_car,27,0.69995666,0.3236509,12.047655,12.319483,28.024786842828064
girl_car,63,0.78185,0.2353096,12.327384,12.42238,18.52064065775109
goalkeeper_boy,10,0.89772415,0.31736,11.521464,12.054772,52.8370800086999
goalkeeper_boy,16,0.8654945,0.34041885,11.616823,12.169489,24.80410963393897
goalkeeper_boy,20,0.8955759,0.30089596,11.758628,12.136686,22.45594055604153
goalkeeper_boy,62,0.8602286,0.30138412,11.700619,12.16915,18.89349084221163
head_statue,14,0.7678587,0.30746627,12.0442915,12.257913,43.61375280799023
head_statue,22,0.8170754,0.32553738,11.921758,12.324143,31.01417596431677
head_statue,32,0.8292586,0.3797741,11.469991,12.333569,15.196660931673152
head_statue,85,0.77123016,0.35523498,11.785706,12.46317,17.85961523061337
hunter_boy,10,0.8837763,0.30479875,11.697132,11.934244,35.23393716183278
hunter_boy,16,0.83867306,0.3346448,11.165375,11.703654,33.33187246751509
hunter_boy,21,0.9092937,0.32625276,11.305466,11.790926,15.045114594239275
hunter_boy,44,0.8933899,0.30519474,11.783797,11.907859,38.628694733691034
kid_bucket,10,0.911792,0.29245928,11.579413,11.9079075,47.49043652754283
kid_bucket,22,0.925443,0.30085582,11.4477825,11.955703,31.66231866540139
kid_bucket,30,0.92220485,0.32278535,11.565264,12.162749,38.824116636000426
kid_bucket,32,0.9387689,0.25997242,11.504321,12.013262,26.699715309846113
kid_rubble,14,0.82495487,0.29516184,12.068033,12.184314,39.05587210275256
kid_rubble,19,0.80324876,0.341276,11.91214,12.333413,51.68411531972451
kid_rubble,63,0.8441025,0.32896686,11.751583,12.303102,10.089665463391906
kid_rubble,71,0.8552051,0.26095378,12.028372,12.267271,27.149859526278007
laughing_bear,10,0.8093324,0.2945253,11.485318,11.910145,16.79094698455829
laughing_bear,11,0.90021265,0.28484982,11.642016,12.114195,28.378223570405538
laughing_bear,16,0.75806683,0.3307301,11.853004,12.196576,27.619998991888014
laughing_bear,24,0.89311343,0.29526,11.699288,12.281353,44.63763824102152
man_desert,10,0.94062793,0.2571675,11.7431135,11.901531,10.697904526879913
man_desert,11,0.8693765,0.32058114,11.65812,11.909518,32.67579794831
man_desert,16,0.91008526,0.34519655,11.49953,12.057439,10.159377385717956
man_desert,19,0.86566395,0.31594822,11.629967,11.923779,12.348213949760053
man_door,10,0.9067993,0.27349296,11.849026,11.991137,49.86779336999428
man_door,12,0.7160968,0.3470854,11.51735,11.723784,71.76851087473956
man_door,16,0.9200506,0.27472857,11.745318,11.87146,41.820856500352086
man_door,22,0.8873275,0.2564446,11.666867,12.0029745,43.06854973516586
man_weaving,10,0.8088118,0.28532916,12.183651,12.231274,30.940764484181685
man_weaving,26,0.80601025,0.27292174,12.086204,12.422718,10.94963720652257
man_weaving,80,0.84193826,0.25396857,12.217606,12.449195,15.732097445299626
man_weaving,87,0.81236064,0.27152786,12.099866,12.414575,23.745072333829516
monk,11,0.9561158,0.23731112,11.544825,11.866992,16.912811771605764
monk,18,0.8915549,0.29638663,11.675209,11.92111,20.4091365238788
monk,20,0.8872977,0.26094508,11.926525,11.954158,29.70085332976271
monk,61,0.8232928,0.30392703,12.049152,12.052201,40.105648469237735
mountain_chateau,11,0.9208681,0.25790966,11.603657,11.991518,27.134628789920942
mountain_chateau,42,0.87109095,0.2775334,11.593619,12.11769,15.923776058551276
mountain_chateau,43,0.8490508,0.29072332,11.769509,12.144476,34.49771561816749
mountain_chateau,68,0.8622078,0.27276543,11.703093,12.168393,9.904759890303133
satellite,11,0.83573806,0.29185334,11.878885,12.215469,28.69588856218201
satellite,13,0.77458996,0.27181908,11.997529,12.298024,5.762813455642088
satellite,17,0.86633384,0.28742373,11.936937,12.400328,13.399194450543783
satellite,82,0.76731217,0.26551557,12.246744,12.486294,32.32181886661224
seal_ice,11,0.88585824,0.2904225,11.745984,11.952282,22.37995286254705
seal_ice,24,0.840042,0.30189693,11.882405,12.160036,59.04822102099624
seal_ice,60,0.93935007,0.27471548,11.718467,12.251428,32.44979952799351
seal_ice,85,0.9074664,0.296138,11.752137,12.208927,25.36987100758105
seals_cliff,11,0.71627855,0.3498243,11.9394045,12.298015,37.51762986860137
seals_cliff,17,0.8254218,0.33405036,11.937149,12.179193,67.3323331754041
seals_cliff,24,0.73042643,0.3207267,11.679801,12.204541,65.83487369598342
seals_cliff,54,0.81118816,0.32081482,11.792041,12.278165,31.052439746781204
short_man,17,0.82519233,0.3496342,11.792808,12.384677,53.369693222083825
short_man,49,0.77550673,0.3020023,11.97672,12.348563,62.284709268901814
short_man,80,0.88974196,0.26704466,11.87586,12.340039,12.458702912940481
short_man,84,0.90781605,0.30463153,11.784583,12.35854,37.51865668751147
snow_fox,12,0.8663129,0.33856094,11.506085,11.958881,3.6758509470178384
snow_fox,13,0.9283389,0.31206408,11.415067,11.729172,19.833285251038443
snow_fox,19,0.9034898,0.34614232,11.235512,12.009844,11.222872578371305
snow_fox,22,0.90761876,0.2728976,11.692691,11.978799,15.79030065179868
standing_bear,11,0.8946347,0.23172595,11.539258,11.822574,29.92265364222757
standing_bear,12,0.788491,0.27143487,11.831914,12.025347,35.751170459350995
standing_bear,18,0.8288839,0.31512064,11.796789,12.169227,33.70341440619283
standing_bear,77,0.89203286,0.28151244,11.917859,12.362819,25.10025144825921
street_greeting,11,0.8427273,0.35641325,11.750077,12.276112,39.5133076954392
street_greeting,15,0.8442057,0.3890165,11.496134,12.197438,33.994281949913656
street_greeting,21,0.8675015,0.30538523,11.902722,12.210292,20.554458469818744
street_greeting,48,0.87049174,0.3388747,11.698405,12.404149,50.30781278130301
swan_ice,10,0.9243758,0.24268109,11.579149,11.760217,31.62907579863315
swan_ice,13,0.82962406,0.27369294,11.913714,12.018555,35.16265630164164
swan_ice,20,0.8838934,0.26422033,11.635412,12.07562,42.37188978620996
swan_ice,44,0.82920694,0.34415066,11.556452,12.252787,44.979913545656224
tiger_leaves,23,0.8583405,0.31217813,11.728181,12.357071,13.66644316209796
tiger_leaves,36,0.79149055,0.29736438,11.957536,12.370377,24.65837586338447
tiger_leaves,78,0.91130304,0.23742837,11.99182,12.243446,12.46547054082377
tiger_leaves,86,0.9145098,0.24496257,11.944194,12.302965,10.289168756659674
tourist_shore,12,0.8271644,0.36820078,11.504355,12.006458,25.40665818806632
tourist_shore,30,0.8987072,0.2858964,11.690657,12.030361,38.17985392207414
tourist_shore,73,0.9052792,0.26022434,11.7459955,12.053856,4.513325185560127
tourist_shore,82,0.88881165,0.3390243,11.498222,12.315001,20.576317170954947
traffic_santa,10,0.8278887,0.30468044,11.86783,12.241944,13.348216583897642
traffic_santa,14,0.7293277,0.3492482,12.026165,12.290346,15.345781146207498
traffic_santa,16,0.8063546,0.31109336,12.042095,12.182069,12.963654832444295
traffic_santa,23,0.8108252,0.3079036,11.9655075,12.185067,9.414573388613949
two_bears,10,0.85008043,0.26425996,11.779526,11.951119,29.72753736519015
two_bears,20,0.8942872,0.28629363,11.682237,12.180347,37.82070566926787
two_bears,28,0.80781573,0.26262778,11.920443,12.220816,30.556019763806592
two_bears,72,0.9042801,0.25536817,11.782808,12.271796,28.89999134959987
walking_bear,12,0.8433411,0.27544147,12.047991,12.141429,6.490514032496185
walking_bear,22,0.7416995,0.27339396,12.086294,12.385748,11.937222439386042
walking_bear,23,0.7741942,0.29498723,12.11931,12.394558,26.9920733699567
walking_bear,39,0.7788191,0.27215713,12.161509,12.406009,19.275491323174986
wet_bear,10,0.8321757,0.36726168,11.391547,12.037985,67.86300278167944
wet_bear,43,0.85931677,0.34583452,11.616575,12.418581,39.78933504553235
wet_bear,47,0.84784186,0.39017424,11.428931,12.380701,32.84722333795918
wet_bear,72,0.91999185,0.2846904,11.66163,12.2237425,23.898597691512737
white_hat,12,0.9051078,0.33776078,11.821238,11.620558,36.54632219205471
white_hat,19,0.9452882,0.26335225,11.56336,11.907735,4.17680079855349
white_hat,27,0.865727,0.32421127,11.905281,11.847688,7.790031182292264
white_hat,79,0.9250269,0.23914526,11.776562,12.03853,21.77324931781594
young_cowboy,11,0.81439394,0.33635333,11.69949,12.1119175,31.33716783114566
young_cowboy,18,0.86947376,0.2479142,11.769141,11.952895,13.905694077464997
young_cowboy,19,0.8376895,0.29137698,11.842406,12.087044,34.18937467540474
young_cowboy,68,0.86476177,0.3183898,11.649814,12.002646,57.6615990569157
