content,level,target_entropy,freelook_cc,freelook_jsd,artifact_cc,artifact_jsd,mixture_cc,mixture_jsd,tas_cc,tas_jsd
arab_mountain,18,12.202898,0.89973116,0.3057524,0.006622917,0.48536623,0.8688891,0.28765833,0.893923500043379,0.2541254388568732
arab_mountain,38,12.212128,0.9254842,0.28690282,0.036031287,0.42774197,0.9103392,0.24163336,0.8229456543922424,0.25405851006507874
arab_mountain,47,12.282073,0.8750219,0.25289664,0.008624307,0.41472048,0.84360003,0.23654887,0.862771239790292,0.2290234189894927
arab_mountain,64,12.225786,0.8997876,0.28035083,0.041898508,0.41436338,0.8763067,0.24438266,0.8949357053384729,0.23290863359177785
bear_fish,19,12.290133,0.8356136,0.3576905,0.1751885,0.4674213,0.82374156,0.31529707,0.8138424118496134,0.279710045703503
bear_fish,25,12.233536,0.89023566,0.30297375,0.1584456,0.4766575,0.8682546,0.2723237,0.7552129626274109,0.26541829109191895
bear_fish,32,12.212617,0.923422,0.32455203,0.202569,0.45356277,0.9176331,0.26612404,0.9217760802081586,0.1898855057991747
bear_fish,64,12.2978115,0.82222694,0.33695748,0.2177194,0.45420742,0.82349396,0.29501283,0.80287413944289,0.24456999026416718
bird_bushes,18,12.213561,0.89317346,0.30764595,0.0054193437,0.4768366,0.8594855,0.27036077,0.8891636787267789,0.2228398726111249
bird_bushes,21,12.103964,0.9242737,0.23895513,-0.029889233,0.5041327,0.86462855,0.27157384,0.9229062961731707,0.21547659070542513
bird_bushes,42,12.151065,0.9025003,0.2588929,0.02069858,0.48391676,0.8722532,0.24684429,0.8993596639808533,0.23220339350224056
bird_bushes,64,12.210506,0.84354615,0.2895373,0.054545276,0.46613988,0.8041476,0.28227693,0.8379507993118868,0.2395740345432114
cat_fence,10,11.82635,0.8368862,0.3316434,0.1119354,0.5609621,0.7917055,0.33769363,0.7981185767363382,0.31390330563934715
cat_fence,11,12.003199,0.8846946,0.27934697,0.11067628,0.5462092,0.82565564,0.29361108,0.8539109354586328,0.25194572144549066
cat_fence,72,12.246753,0.8878355,0.3340056,0.14765468,0.42913708,0.8667247,0.25665492,0.8818698392111644,0.22386589660619935
cat_fence,87,12.223241,0.93317264,0.30242553,0.12908602,0.43140316,0.91038114,0.22530833,0.9259214940819906,0.18605933174923606
climber_mountains,10,12.238602,0.80044466,0.2796844,0.21738607,0.56100595,0.67673093,0.32424098,0.7885413291363684,0.2626296656223492
climber_mountains,11,12.17181,0.81025946,0.26866692,0.20052782,0.5551887,0.6706737,0.32074362,0.8251428049800567,0.2594089190385158
climber_mountains,26,12.256794,0.81201434,0.268306,0.2096736,0.5162667,0.7061363,0.30165863,0.8144346238468426,0.2549888411074484
climber_mountains,34,12.322604,0.844515,0.2772729,0.24647588,0.4838967,0.7746351,0.27856192,0.6183462142944336,0.3198915123939514
climber_sunglasses,11,12.129241,0.74462163,0.3060487,0.041960917,0.48055688,0.7060536,0.29724222,0.7665802926732278,0.2721021003181695
climber_sunglasses,21,12.211672,0.8896736,0.24749985,0.03943675,0.4252119,0.8535043,0.22119403,0.9166776517033307,0.18439612070817862
climber_sunglasses,35,12.237653,0.7985274,0.3238045,0.027159408,0.42462817,0.75028735,0.28875208,0.6247575283050537,0.30408939719200134
climber_sunglasses,47,12.257211,0.87091213,0.32163534,0.07473423,0.41173705,0.8686533,0.24077469,0.8674281970887974,0.23105825306373112
cycler_hill,11,12.219466,0.8605366,0.22208773,-0.03990736,0.5484491,0.7522999,0.2812395,0.8477612545540576,0.21089303640561383
cycler_hill,24,12.364159,0.756718,0.30262384,-0.008218765,0.4852493,0.6783269,0.29469103,0.7652297016292946,0.23254387486802736
cycler_hill,60,12.440794,0.8469894,0.31965747,-0.029797882,0.4579597,0.764293,0.28725097,0.8472437740761648,0.18887171523657034
cycler_hill,71,12.383648,0.8450453,0.2827172,0.025752239,0.4531167,0.78018665,0.2605906,0.8563152293801175,0.1980353347044567
cycler_ice,14,12.400374,0.66502583,0.3112274,0.15956438,0.52097577,0.5395013,0.32674012,0.6704576537589156,0.25256740886061313
cycler_ice,15,12.4642935,0.7702343,0.28939694,0.21834607,0.5002302,0.6574451,0.29495516,0.7681605036313767,0.2065487672291562
cycler_ice,30,12.516793,0.5349362,0.35100982,0.18328562,0.48306233,0.46260607,0.3424939,0.5151438184416249,0.2639466258316206
cycler_ice,40,12.570383,0.67023486,0.27183443,0.25724167,0.4609454,0.5758882,0.27656338,0.42082497477531433,0.30437371134757996
dog,29,12.42186,0.7244513,0.30426532,-0.10526664,0.47053063,0.6476341,0.27799913,0.4594872295856476,0.2912422716617584
dog,33,12.390783,0.8744831,0.30645,-0.09057212,0.46496716,0.80979776,0.26706144,0.6329663395881653,0.2677493095397949
dog,67,12.3633995,0.8080698,0.3316056,-0.05669931,0.4534624,0.7719605,0.24484493,0.5906209349632263,0.2569986581802368
dog,90,12.428604,0.88021886,0.25460085,-0.10653815,0.4472998,0.81623083,0.22960794,0.6259558796882629,0.24338971078395844
dog_walker,22,12.1329975,0.8854878,0.24657673,0.05834656,0.46681467,0.85640264,0.25134054,0.8729115447383287,0.23695635265228698
dog_walker,27,12.237682,0.77609605,0.30523616,0.11292337,0.43302876,0.7537011,0.2796706,0.7788171030811412,0.252980484372404
dog_walker,77,12.426222,0.7512171,0.32410684,0.12962382,0.3785255,0.7432672,0.25251386,0.7555325024343159,0.2207413959875636
dog_walker,87,12.2320385,0.90745443,0.2387502,0.116554916,0.41759324,0.8878711,0.23034555,0.9007028551373806,0.22496071959390157
fence_guard,11,12.200396,0.8806487,0.25509077,0.042465232,0.54859453,0.7796262,0.2707313,0.8868502626018004,0.21763574452613996
fence_guard,15,12.289101,0.8505259,0.3367776,0.014519259,0.535138,0.7726869,0.3109498,0.8520506477632118,0.21105598144922477
fence_guard,24,12.212325,0.8268094,0.27615047,0.031380154,0.5305762,0.72013813,0.29900873,0.8366973784964034,0.25634344725540664
fence_guard,50,12.3388195,0.8626056,0.31579798,0.047293518,0.51341134,0.8008356,0.28432202,0.5565564632415771,0.309368759393692
girl_boat,13,11.507491,0.88533896,0.32214043,0.25836927,0.54137135,0.8351059,0.34924865,0.9035285235113226,0.3167623413552828
girl_boat,31,11.717723,0.9320887,0.26177487,0.29433224,0.48034495,0.90661716,0.2797675,0.8183440566062927,0.30006757378578186
girl_boat,66,11.993817,0.9376594,0.27410188,0.30401197,0.43306658,0.9025376,0.25404903,0.8307791352272034,0.260972261428833
girl_boat,86,12.036239,0.8962424,0.28191477,0.29835418,0.42038727,0.8651359,0.25405794,0.9032297555290266,0.2482652781980811
girl_car,12,12.26174,0.75104195,0.2972883,0.25302395,0.5471126,0.6225912,0.3377927,0.7540151913470164,0.25891864895280853
girl_car,22,12.29347,0.76992023,0.28699306,0.2848426,0.51728183,0.7210269,0.30062947,0.7457357019935855,0.2544362239070166
girl_car,27,12.319483,0.69995666,0.3236509,0.26808232,0.5164243,0.63007855,0.33619586,0.6874724175068474,0.27637991290641617
girl_car,63,12.42238,0.78185,0.2353096,0.36267227,0.45597884,0.70983297,0.25195715,0.7851949140333355,0.21042126907076195
goalkeeper_boy,10,12.054772,0.89772415,0.31736,0.1810666,0.5056591,0.8695309,0.3029141,0.8961767825961844,0.25917013559997554
goalkeeper_boy,16,12.169489,0.8654945,0.34041885,0.19840446,0.4823671,0.83076215,0.32245824,0.8736220394224768,0.2540074121083799
goalkeeper_boy,20,12.136686,0.8955759,0.30089596,0.21714783,0.4697232,0.85748434,0.29335842,0.8928745192467061,0.22682829548546785
goalkeeper_boy,62,12.16915,0.8602286,0.30138412,0.2393229,0.4350964,0.83681464,0.268204,0.7737448215484619,0.2449474185705185
head_statue,14,12.257913,0.7678587,0.30746627,-0.015801545,0.59652126,0.6256818,0.35713217,0.7823255974774255,0.2772549099209508
head_statue,22,12.324143,0.8170754,0.32553738,0.01634597,0.5544665,0.70192206,0.35096008,0.8134872614215488,0.25897157836414375
head_statue,32,12.333569,0.8292586,0.3797741,0.024461685,0.53622764,0.7701775,0.36191264,0.8146886100955429,0.2353958184304146
head_statue,85,12.46317,0.77123016,0.35523498,0.1170457,0.47681168,0.7305173,0.3179427,0.7537015171347345,0.22790677645916013
hunter_boy,10,11.934244,0.8837763,0.30479875,-0.005562365,0.57032466,0.845643,0.32887283,0.8780687423266245,0.2935046735929092
hunter_boy,16,11.703654,0.83867306,0.3346448,0.0101682395,0.57859844,0.8300477,0.33023357,0.8196788998606754,0.30312670445374196
hunter_boy,21,11.790926,0.9092937,0.32625276,-0.03252285,0.58339983,0.88261205,0.34084615,0.9057234002162685,0.27600753824161073
hunter_boy,44,11.907859,0.8933899,0.30519474,-0.014055185,0.53552604,0.87376386,0.31494346,0.8910599257469816,0.29862496332492705
kid_bucket,10,11.9079075,0.911792,0.29245928,0.12374971,0.57469773,0.8413165,0.32898012,0.9180547378530872,0.2726416400311559
kid_bucket,22,11.955703,0.925443,0.30085582,0.20140086,0.5349285,0.88574475,0.3104428,0.9198651169271008,0.2684861022778009
kid_bucket,30,12.162749,0.92220485,0.32278535,0.24337927,0.48297802,0.88296324,0.29728684,0.9345582254676984,0.22834925047348353
kid_bucket,32,12.013262,0.9387689,0.25997242,0.21420485,0.513043,0.90194255,0.26902148,0.9393637782924193,0.24477128467126041
kid_rubble,14,12.184314,0.82495487,0.29516184,-0.000157848,0.54732823,0.7056674,0.31963077,0.8583490143039383,0.24923726311800395
kid_rubble,19,12.333413,0.80324876,0.341276,0.05233412,0.500821,0.72474927,0.32263702,0.8294655152595386,0.24426222394073463
kid_rubble,63,12.303102,0.8441025,0.32896686,0.14038548,0.46023118,0.8201343,0.28172252,0.8270558445870371,0.24124979239895897
kid_rubble,71,12.267271,0.8552051,0.26095378,0.14364009,0.45785984,0.8216708,0.24523993,0.8592146571306287,0.2110010899657475
laughing_bear,10,11.910145,0.8093324,0.2945253,-0.05988497,0.5458168,0.79417455,0.29017022,0.7431940877516242,0.29076110719560194
laughing_bear,11,12.114195,0.90021265,0.28484982,-0.09635614,0.51198983,0.8683947,0.26105595,0.8726767904504107,0.22320317969474643
laughing_bear,16,12.196576,0.75806683,0.3307301,-0.05359731,0.46135122,0.73422575,0.2874031,0.7261608427846782,0.27375760854811254
laughing_bear,24,12.281353,0.89311343,0.29526,-0.07040221,0.43185887,0.8699052,0.22572884,0.8853615074898701,0.18689929688359472
man_desert,10,11.901531,0.94062793,0.2571675,0.30420345,0.5570057,0.8823412,0.30469313,0.9291005629495245,0.23971087877723804
man_desert,11,11.909518,0.8693765,0.32058114,0.27725577,0.56614256,0.8322642,0.34008113,0.8662115914992988,0.2799718560727277
man_desert,16,12.057439,0.91008526,0.34519655,0.23748101,0.5433625,0.8747807,0.33919,0.915209889942945,0.27797255057113607
man_desert,19,11.923779,0.86566395,0.31594822,0.18019512,0.5728015,0.8080638,0.3616595,0.8516118317045686,0.29786609020664656
man_door,10,11.991137,0.9067993,0.27349296,-0.03899321,0.6164106,0.80044585,0.32888103,0.9044899846523853,0.23575697949381677
man_door,12,11.723784,0.7160968,0.3470854,-0.057986416,0.6526275,0.64644,0.3978727,0.6852693217417877,0.3345472249560491
man_door,16,11.87146,0.9200506,0.27472857,-0.03326539,0.6115286,0.84610975,0.32549134,0.9178333423473385,0.2416315747601848
man_door,22,12.0029745,0.8873275,0.2564446,-0.045182995,0.5787107,0.8178441,0.29045302,0.8334193688926201,0.22434268475979494
man_weaving,10,12.231274,0.8088118,0.28532916,-0.03396189,0.494002,0.74115,0.28700653,0.8498702994379845,0.25298806433554333
man_weaving,26,12.422718,0.80601025,0.27292174,-0.06713754,0.4446469,0.74747396,0.2544682,0.7943254030404877,0.2261853313398903
man_weaving,80,12.449195,0.84193826,0.25396857,-0.025672697,0.412453,0.7907022,0.21408781,0.8463713596325003,0.19080355176809405
man_weaving,87,12.414575,0.81236064,0.27152786,-0.009230256,0.4116488,0.77226985,0.22173171,0.8220721545266471,0.1918906003349295
monk,11,11.866992,0.9561158,0.23731112,0.06762409,0.57483244,0.8925604,0.28422973,0.9425018143586266,0.2351483951103158
monk,18,11.92111,0.8915549,0.29638663,0.095113,0.5530006,0.82516116,0.3199201,0.8827043645641311,0.2834269933643031
monk,20,11.954158,0.8872977,0.26094508,0.08402948,0.5474663,0.79234326,0.31047025,0.8895670079401587,0.28157795320087675
monk,61,12.052201,0.8232928,0.30392703,0.049717963,0.55151993,0.72666526,0.336278,0.5838671326637268,0.3589344024658203
mountain_chateau,11,11.991518,0.9208681,0.25790966,0.4303943,0.4701061,0.88911235,0.26237953,0.8858306422965817,0.24708863147185522
mountain_chateau,42,12.11769,0.87109095,0.2775334,0.5077664,0.3844231,0.8725063,0.23957671,0.8543207802181123,0.24526173539707413
mountain_chateau,43,12.144476,0.8490508,0.29072332,0.4892729,0.3922326,0.8513287,0.26676965,0.8557671334353789,0.2646376988734159
mountain_chateau,68,12.168393,0.8622078,0.27276543,0.53865224,0.36233097,0.86266845,0.24119905,0.832782845371753,0.2507137337592042
satellite,11,12.215469,0.83573806,0.29185334,0.20763953,0.50232315,0.80128753,0.29283997,0.8061146914507532,0.27046141266256113
satellite,13,12.298024,0.77458996,0.27181908,0.33495307,0.43989608,0.7757079,0.24780688,0.7688671900424201,0.24530754952276618
satellite,17,12.400328,0.86633384,0.28742373,0.24946511,0.44870803,0.83325434,0.26025692,0.86287509408975,0.20978319021324512
satellite,82,12.486294,0.76731217,0.26551557,0.28976172,0.39308846,0.7675706,0.22203426,0.7712652720447796,0.19538836956641412
seal_ice,11,11.952282,0.88585824,0.2904225,0.06534912,0.5858188,0.8182984,0.3318084,0.846404889951316,0.26815715653274175
seal_ice,24,12.160036,0.840042,0.30189693,0.09737471,0.5174869,0.793679,0.31012195,0.8329512965630902,0.25638612227315016
seal_ice,60,12.251428,0.93935007,0.27471548,0.1111853,0.45593312,0.9024169,0.2513876,0.9386880491327471,0.19131919443948425
seal_ice,85,12.208927,0.9074664,0.296138,0.078736424,0.4647215,0.8541258,0.27172342,0.8919152501338135,0.24304162838562154
seals_cliff,11,12.298015,0.71627855,0.3498243,0.033440687,0.5997493,0.6153463,0.37415242,0.7039973447362136,0.3068018550515565
seals_cliff,17,12.179193,0.8254218,0.33405036,0.14040457,0.55952567,0.7484051,0.34461924,0.8343873433494776,0.2749241391973775
seals_cliff,24,12.204541,0.73042643,0.3207267,0.09121207,0.555353,0.6793677,0.32540154,0.6860716261898152,0.29732852664143594
seals_cliff,54,12.278165,0.81118816,0.32081482,0.13638626,0.52495396,0.7526349,0.32411367,0.6244561672210693,0.3423681855201721
short_man,17,12.384677,0.82519233,0.3496342,0.16283059,0.47486585,0.74876267,0.2978282,0.8270034067908831,0.22025228158474747
short_man,49,12.348563,0.77550673,0.3020023,0.24095747,0.43280292,0.7108747,0.2615942,0.5443945527076721,0.2980996072292328
short_man,80,12.340039,0.88974196,0.26704466,0.2342746,0.42377195,0.8509954,0.22968683,0.8770412054747516,0.1853452751593723
short_man,84,12.35854,0.90781605,0.30463153,0.22219907,0.42745024,0.85109985,0.2502796,0.6921186447143555,0.26625269651412964
snow_fox,12,11.958881,0.8663129,0.33856094,0.2698339,0.51062846,0.83702314,0.33128512,0.8283866327119521,0.30053171276810126
snow_fox,13,11.729172,0.9283389,0.31206408,0.32412425,0.51758397,0.90107495,0.3231328,0.885447848142468,0.30109171733002005
snow_fox,19,12.009844,0.9034898,0.34614232,0.37942082,0.4641403,0.89508814,0.3000789,0.8956564867886595,0.2836602028925633
snow_fox,22,11.978799,0.90761876,0.2728976,0.36331502,0.47996554,0.8753884,0.28675076,0.9009440677923664,0.2569931708650337
standing_bear,11,11.822574,0.8946347,0.23172595,-0.113377,0.6522159,0.814272,0.322946,0.8419199862630775,0.2583886223041217
standing_bear,12,12.025347,0.788491,0.27143487,-0.12715703,0.6290654,0.696172,0.34644765,0.715507078284534,0.31315440531863203
standing_bear,18,12.169227,0.8288839,0.31512064,-0.14670832,0.6123991,0.7138257,0.35220015,0.8146120864760736,0.2601812550232562
standing_bear,77,12.362819,0.89203286,0.28151244,-0.05706305,0.5395587,0.8048661,0.27666092,0.8927172601596007,0.19684887425552522
street_greeting,11,12.276112,0.8427273,0.35641325,-0.011978968,0.54660904,0.7905205,0.3403104,0.8382193797627264,0.30869741320667043
street_greeting,15,12.197438,0.8442057,0.3890165,-0.0044687465,0.53666013,0.80487853,0.3456584,0.8507726853746249,0.2774598731062502
street_greeting,21,12.210292,0.8675015,0.30538523,0.051351547,0.49168,0.8359163,0.28427938,0.8721520486415205,0.24474639507869617
street_greeting,48,12.404149,0.87049174,0.3388747,0.036756013,0.41518658,0.8460529,0.2502297,0.6772225499153137,0.24803778529167175
swan_ice,10,11.760217,0.9243758,0.24268109,0.13131131,0.62956536,0.82268536,0.33223754,0.8793708984716719,0.2718910630848575
swan_ice,13,12.018555,0.82962406,0.27369294,0.13407263,0.6061705,0.7042135,0.33933708,0.8044330851054867,0.29422281403169936
swan_ice,20,12.07562,0.8838934,0.26422033,0.1096936,0.58794236,0.8041513,0.31880245,0.8573526764603195,0.2677828064345906
swan_ice,44,12.252787,0.82920694,0.34415066,0.099506214,0.5394536,0.7604929,0.3404492,0.7917193033835984,0.30604550934678854
tiger_leaves,23,12.357071,0.8583405,0.31217813,0.3299692,0.42867532,0.8514745,0.269613,0.8412821870457279,0.21865487681366969
tiger_leaves,36,12.370377,0.79149055,0.29736438,0.32644042,0.41523358,0.779668,0.2696658,0.7384804487228394,0.27945733070373535
tiger_leaves,78,12.243446,0.91130304,0.23742837,0.37146312,0.41072664,0.8984961,0.2220172,0.8532333374023438,0.2419966608285904
tiger_leaves,86,12.302965,0.9145098,0.24496257,0.38031295,0.3910984,0.9054064,0.2146425,0.8968401482526919,0.21065146427774514
tourist_shore,12,12.006458,0.8271644,0.36820078,0.31542557,0.5416388,0.7729338,0.37087405,0.8113111980789166,0.32910845210232187
tourist_shore,30,12.030361,0.8987072,0.2858964,0.34674424,0.48457372,0.8347328,0.30141106,0.9038631046685472,0.22271305298827643
tourist_shore,73,12.053856,0.9052792,0.26022434,0.42177835,0.41782805,0.87669533,0.24325383,0.7660764455795288,0.27141863107681274
tourist_shore,82,12.315001,0.88881165,0.3390243,0.3923325,0.41537285,0.86601317,0.2889287,0.8676678319113448,0.21206006056048374
traffic_santa,10,12.241944,0.8278887,0.30468044,0.035977714,0.5716135,0.7332591,0.34086624,0.7723274583083646,0.28642769116991124
traffic_santa,14,12.290346,0.7293277,0.3492482,0.0648633,0.5393509,0.61009467,0.3660307,0.7543105527573812,0.2845407661389824
traffic_santa,16,12.182069,0.8063546,0.31109336,0.044109076,0.5629432,0.68645334,0.35330036,0.8149015747791319,0.26905008730310714
traffic_santa,23,12.185067,0.8108252,0.3079036,0.06374236,0.53744614,0.72664106,0.32342398,0.8036782422126265,0.27676094377816185
two_bears,10,11.951119,0.85008043,0.26425996,0.14460109,0.54196006,0.8020373,0.29872885,0.8071182721456973,0.2922686404267829
two_bears,20,12.180347,0.8942872,0.28629363,0.15525503,0.4737821,0.85596865,0.26692384,0.887357934681556,0.2308345509574507
two_bears,28,12.220816,0.80781573,0.26262778,0.17325959,0.46408105,0.77975154,0.26267222,0.628618061542511,0.2959662973880768
two_bears,72,12.271796,0.9042801,0.25536817,0.18690556,0.4281746,0.8800827,0.22335336,0.8990774201672284,0.20009415066468111
walking_bear,12,12.141429,0.8433411,0.27544147,-0.03450539,0.55593073,0.72288036,0.2910518,0.8472989483791883,0.2401358147222445
walking_bear,22,12.385748,0.7416995,0.27339396,-0.13105315,0.51131064,0.6617655,0.27637467,0.7023896510619944,0.24808967028715467
walking_bear,23,12.394558,0.7741942,0.29498723,-0.10595164,0.49121585,0.6727128,0.27358305,0.7651800673700604,0.22324778732191194
walking_bear,39,12.406009,0.7788191,0.27215713,-0.10878884,0.46062645,0.6877219,0.2637568,0.49435919523239136,0.28664693236351013
wet_bear,10,12.037985,0.8321757,0.36726168,0.1191608,0.58603436,0.8045303,0.3609815,0.79388308389909,0.3425713603000038
wet_bear,43,12.418581,0.85931677,0.34583452,0.2626598,0.47785813,0.8565439,0.30384895,0.8687701669829375,0.1814044646076455
wet_bear,47,12.380701,0.84784186,0.39017424,0.29985037,0.47073194,0.8411976,0.3324057,0.8474024181795189,0.23832256470163948
wet_bear,72,12.2237425,0.91999185,0.2846904,0.24583845,0.4865745,0.88667375,0.27743727,0.915247054254299,0.19379827981034162
white_hat,12,11.620558,0.9051078,0.33776078,0.051491812,0.6321864,0.8023963,0.390129,0.9266475565441701,0.30968208626231836
white_hat,19,11.907735,0.9452882,0.26335225,0.082897276,0.58412284,0.8754958,0.30980968,0.9509691965869072,0.23131821165783653
white_hat,27,11.847688,0.865727,0.32421127,0.118712716,0.5634307,0.7884374,0.35405135,0.8725087111075996,0.31838285510249903
white_hat,79,12.03853,0.9250269,0.23914526,0.13173811,0.5027226,0.8682402,0.25811285,0.6786632537841797,0.2989313304424286
young_cowboy,11,12.1119175,0.81439394,0.33635333,-0.08110973,0.5249437,0.7653538,0.3016433,0.8090260652700139,0.27209650278494274
young_cowboy,18,11.952895,0.86947376,0.2479142,-0.05163458,0.5255077,0.8398549,0.26634046,0.8648733686236526,0.2588342006031544
young_cowboy,19,12.087044,0.8376895,0.29137698,-0.10845913,0.5237083,0.7871749,0.29011902,0.840275394883863,0.2521798938228265
young_cowboy,68,12.002646,0.86476177,0.3183898,-0.08185853,0.50783205,0.8391378,0.27374303,0.8579163120565326,0.2730622832834027
