content,level,sw_psnr_uniform,sw_psnr_freelook,sw_psnr_scoring,sw_psnr_tas
arab_mountain,18,100.0,100.0,100.0,
arab_mountain,38,100.0,100.0,100.0,
arab_mountain,47,100.0,100.0,100.0,
arab_mountain,64,100.0,100.0,100.0,
bear_fish,19,100.0,100.0,100.0,
bear_fish,25,100.0,100.0,100.0,
bear_fish,32,100.0,100.0,100.0,
bear_fish,64,100.0,100.0,100.0,
bird_bushes,18,100.0,100.0,100.0,
bird_bushes,21,100.0,100.0,100.0,
bird_bushes,42,100.0,100.0,100.0,
bird_bushes,64,100.0,100.0,100.0,
cat_fence,10,100.0,100.0,100.0,
cat_fence,11,100.0,100.0,100.0,
cat_fence,72,100.0,100.0,100.0,
cat_fence,87,100.0,100.0,100.0,
climber_mountains,10,100.0,100.0,100.0,
climber_mountains,11,100.0,100.0,100.0,
climber_mountains,26,100.0,100.0,100.0,
climber_mountains,34,100.0,100.0,100.0,
climber_sunglasses,11,100.0,100.0,100.0,
climber_sunglasses,21,100.0,100.0,100.0,
climber_sunglasses,35,100.0,100.0,100.0,
climber_sunglasses,47,100.0,100.0,100.0,
cycler_hill,11,100.0,100.0,100.0,
cycler_hill,24,100.0,100.0,100.0,
cycler_hill,60,100.0,100.0,100.0,
cycler_hill,71,100.0,100.0,100.0,
cycler_ice,14,100.0,100.0,100.0,
cycler_ice,15,100.0,100.0,100.0,
cycler_ice,30,100.0,100.0,100.0,
cycler_ice,40,100.0,100.0,100.0,
dog,29,100.0,100.0,100.0,
dog,33,100.0,100.0,100.0,
dog,67,100.0,100.0,100.0,
dog,90,100.0,100.0,100.0,
dog_walker,22,100.0,100.0,100.0,
dog_walker,27,100.0,100.0,100.0,
dog_walker,77,100.0,100.0,100.0,
dog_walker,87,100.0,100.0,100.0,
