content,level,d_bg_freelook,d_bg_scoring
arab_mountain,18,0.69884974,0.8222763
arab_mountain,38,0.67794555,0.8107958
arab_mountain,47,0.7944193,0.84046054
arab_mountain,64,0.77121496,0.8093486
bear_fish,19,0.6976744,0.86297935
bear_fish,25,0.72170067,0.84897065
bear_fish,32,0.66743654,0.8286975
bear_fish,64,0.71127594,0.871193
bird_bushes,18,0.69800705,0.8068515
bird_bushes,21,0.7348044,0.7721717
bird_bushes,42,0.68764895,0.7858139
bird_bushes,64,0.73411125,0.8119959
cat_fence,10,0.69881797,0.792577
cat_fence,11,0.7237311,0.81830776
cat_fence,72,0.7426967,0.8465257
cat_fence,87,0.7413959,0.83106536
climber_mountains,10,0.69965714,0.7769681
climber_mountains,11,0.7443564,0.760183
climber_mountains,26,0.7505139,0.7537564
climber_mountains,34,0.6528929,0.7736857
climber_sunglasses,11,0.69542164,0.7486452
climber_sunglasses,21,0.73688334,0.7417222
climber_sunglasses,35,0.74845356,0.7591184
climber_sunglasses,47,0.5745242,0.7743946
cycler_hill,11,0.69717,0.74231756
cycler_hill,24,0.7579635,0.78118104
cycler_hill,60,0.71901006,0.7897329
cycler_hill,71,0.72900224,0.77202207
cycler_ice,14,0.69726926,0.7919217
cycler_ice,15,0.72681624,0.8027245
cycler_ice,30,0.7310591,0.82289827
cycler_ice,40,0.76877004,0.8178601
dog,29,0.6976488,0.7960397
dog,33,0.64553934,0.7608965
dog,67,0.69084746,0.76084995
dog,90,0.684521,0.7776093
dog_walker,22,0.69974315,0.7687859
dog_walker,27,0.74006253,0.767872
dog_walker,77,0.80438423,0.82621837
dog_walker,87,0.70064354,0.77023154
fence_guard,11,0.6979508,0.7613208
fence_guard,15,0.68798673,0.7628478
fence_guard,24,0.7287584,0.7761459
fence_guard,50,0.66276497,0.8220209
girl_boat,13,0.6988203,0.6215512
girl_boat,31,0.61095476,0.6538284
girl_boat,66,0.680455,0.707311
girl_boat,86,0.7133115,0.7268022
girl_car,12,0.69819874,0.7682717
girl_car,22,0.6956998,0.7903085
girl_car,27,0.7288034,0.8149829
girl_car,63,0.7791011,0.78612727
goalkeeper_boy,10,0.69778687,0.78047514
goalkeeper_boy,16,0.7441313,0.8135175
goalkeeper_boy,20,0.76616746,0.8090437
goalkeeper_boy,62,0.7708038,0.8087543
head_statue,14,0.69657594,0.7859326
head_statue,22,0.68214405,0.8124702
head_statue,32,0.5509358,0.79575
head_statue,85,0.66602796,0.8459566
hunter_boy,10,0.6997548,0.75869656
hunter_boy,16,0.5816431,0.67695415
hunter_boy,21,0.5976597,0.692312
hunter_boy,44,0.7364192,0.70598
kid_bucket,10,0.699623,0.756383
kid_bucket,22,0.6820099,0.7652012
kid_bucket,30,0.7140241,0.79598683
kid_bucket,32,0.693254,0.7921541
kid_rubble,14,0.7000663,0.72847956
kid_rubble,19,0.68888974,0.76598364
kid_rubble,63,0.6653213,0.79680234
kid_rubble,71,0.7244688,0.7681984
laughing_bear,10,0.6992621,0.8359916
laughing_bear,11,0.7574113,0.8438212
laughing_bear,16,0.80361176,0.85997564
laughing_bear,24,0.77989894,0.8718002
man_desert,10,0.6971483,0.7377296
man_desert,11,0.71897316,0.74018717
man_desert,16,0.6809454,0.77469754
man_desert,19,0.67999303,0.7911969
man_door,10,0.6966325,0.7278334
man_door,12,0.6705264,0.6768415
man_door,16,0.6938046,0.7182026
man_door,22,0.6585226,0.74449956
man_weaving,10,0.6971723,0.7309423
man_weaving,26,0.7099701,0.80319196
man_weaving,80,0.76486033,0.8002868
man_weaving,87,0.73609316,0.7783698
monk,11,0.69943196,0.7527912
monk,18,0.73824453,0.8036322
monk,20,0.7809793,0.7827607
monk,61,0.7978612,0.80521315
mountain_chateau,11,0.69719136,0.79481614
mountain_chateau,42,0.6835934,0.8370921
mountain_chateau,43,0.7248309,0.831313
mountain_chateau,68,0.74510247,0.8352141
satellite,11,0.6999406,0.81732416
satellite,13,0.77501357,0.8259862
satellite,17,0.7402163,0.8458775
satellite,82,0.81110585,0.8646969
seal_ice,11,0.6991045,0.7777511
seal_ice,24,0.74144405,0.82683146
seal_ice,60,0.679892,0.7945182
seal_ice,85,0.7146878,0.7960529
seals_cliff,11,0.69998306,0.83698183
seals_cliff,17,0.7221073,0.78864336
seals_cliff,24,0.6422472,0.8336029
seals_cliff,54,0.6707498,0.82754624
short_man,17,0.6998571,0.82753646
short_man,49,0.8080662,0.8282947
short_man,80,0.72928774,0.81533724
short_man,84,0.73633176,0.8081048
snow_fox,12,0.69892055,0.8149933
snow_fox,13,0.67739534,0.75388336
snow_fox,19,0.686975,0.8076511
snow_fox,22,0.7698816,0.8221381
standing_bear,11,0.6988453,0.8022288
standing_bear,12,0.7000702,0.83479226
standing_bear,18,0.72785914,0.82969046
standing_bear,77,0.7807297,0.84464675
street_greeting,11,0.69909555,0.8372229
street_greeting,15,0.7133218,0.8264545
street_greeting,21,0.77571744,0.8185454
street_greeting,48,0.722346,0.85384536
swan_ice,10,0.69823813,0.7738935
swan_ice,13,0.8068737,0.84465873
swan_ice,20,0.7009241,0.82911384
swan_ice,44,0.7369206,0.8624321
tiger_leaves,23,0.69868857,0.8474877
tiger_leaves,36,0.7633581,0.86261576
tiger_leaves,78,0.7723526,0.8257172
tiger_leaves,86,0.73552316,0.82467705
tourist_shore,12,0.6972333,0.80343103
tourist_shore,30,0.7335958,0.7578108
tourist_shore,73,0.74589825,0.7789707
tourist_shore,82,0.6782789,0.84292334
traffic_santa,10,0.6939428,0.81285477
traffic_santa,14,0.79376024,0.8215564
traffic_santa,16,0.76720655,0.7849313
traffic_santa,23,0.7395224,0.7752742
two_bears,10,0.6995198,0.80277824
two_bears,20,0.68880296,0.7865419
two_bears,28,0.7689816,0.8303799
two_bears,72,0.69417363,0.8174738
walking_bear,12,0.69760495,0.7180589
walking_bear,22,0.7509757,0.803074
walking_bear,23,0.7573178,0.7888365
walking_bear,39,0.7896427,0.7876356
wet_bear,10,0.697548,0.83798665
wet_bear,43,0.76792437,0.8858721
wet_bear,47,0.7605703,0.8883472
wet_bear,72,0.7659461,0.8628265
white_hat,12,0.6995124,0.64848
white_hat,19,0.6919948,0.7264914
white_hat,27,0.73485917,0.71281517
white_hat,79,0.7256112,0.7599061
young_cowboy,11,0.69612813,0.7871877
young_cowboy,18,0.7039913,0.72509044
young_cowboy,19,0.75096816,0.76406217
young_cowboy,68,0.7218473,0.73323077
