content,mean,std,min,max,count
kid_bucket,0.9279660034324668,0.010605161136419426,0.9182812650768832,0.9393828180935656,4
man_desert,0.8905359823999744,0.03744108764430249,0.8515160779546046,0.9290856771904596,4
bird_bushes,0.8875619574366258,0.03570361710176819,0.8383673143512429,0.9229569723169084,4
snow_fox,0.8776328287595285,0.03342956688363114,0.8284185967447774,0.90095856511461,4
seal_ice,0.8776043388799966,0.04802800852891015,0.8329385321637144,0.9386535826094022,4
hunter_boy,0.8736765932071965,0.037684132769051894,0.8197712413064288,0.9057922127918444,4
arab_mountain,0.865383541330634,0.03980633043213653,0.8100265860557556,0.8949405397835563,4
cat_fence,0.8649549486824046,0.053561523727095606,0.798060122825562,0.9259315756251096,4
mountain_chateau,0.8569739232384626,0.02177449613857624,0.8327426416776608,0.885691167561251,4
wet_bear,0.8562168291585686,0.05030798108846414,0.7942395037070826,0.9153933022419048,4
